date,reaction_count,top_react,comment_count,full_content,emojis,hashtags
2024-09-10 14:16:00,256,"ThÃ­ch, YÃªu thÃ­ch vÃ  Haha",13,"BIA 333 PILSNER - Vá»Š BIA Má»šI, ÃŠM Cá»°C ÃŠM NgÆ°á»i ta thÆ°á»ng nÃ³i: â€œdá»¥c tá»‘c báº¥t Ä‘áº¡tâ€. ChÃ­nh vÃ¬ tháº¿, Ä‘á»ƒ táº¡o nÃªn tuyá»‡t tÃ¡c, ta cáº§n nhá»¯ng ná»— lá»±c khÃ´ng ká»ƒ thá»i gian. VÃ  333 PILSNER chÃ­nh lÃ  má»™t â€œtuyá»‡t tÃ¡câ€ sau quÃ¡ trÃ¬nh nghiÃªn cá»©u cÃ´ng thá»©c, chá»n lá»c nguyÃªn liá»‡u Ä‘áº§y ká»³ cÃ´ng. Vá»›i cÃ´ng nghá»‡ á»§ láº¡nh lÃ¢u tá»« ChÃ¢u Ã‚u cÃ¹ng nhá»¯ng nguyÃªn liá»‡u thÆ°á»£ng háº¡ng, táº¡o nÃªn má»™t vá»‹ bia má»›i Ãªm mÆ°á»£t hÆ¡n bao giá» háº¿t! BIA 333 PILSNER - Vá»Š BIA Má»šI, ÃŠM Cá»°C ÃŠM. Bia 333 PILSNER hiá»‡n Ä‘Ã£ cÃ³ máº·t táº¡i cÃ¡c sÃ n thÆ°Æ¡ng máº¡i Ä‘iá»‡n tá»­, cá»­a hÃ ng, siÃªu thá»‹ trÃªn toÃ n quá»‘c. Thá»­ ngay! #333Pilsner #ViBiaMoi #EmCucEm * NgÆ°á»i dÆ°á»›i 18 tuá»•i khÃ´ng Ä‘Æ°á»£c uá»‘ng rÆ°á»£u bia
* ÄÃ£ uá»‘ng rÆ°á»£u bia - KhÃ´ng lÃ¡i xe",,"['#333Pilsner', '#ViBiaMoi', '#EmCucEm']"
2024-09-08 14:25:00,126,"ThÃ­ch, YÃªu thÃ­ch vÃ  ThÆ°Æ¡ng thÆ°Æ¡ng",4,"TOÃ€N Cáº¢NH â€œÃŠM Cá»°C ÃŠM"" CÃ™NG 333 PILSNER x S.T SÆ N THáº CH Táº I EMART PHAN VÄ‚N TRá»Š VÃ€O 07/09 Vá»ªA QUA! Bia 333 PILSNER Ä‘Ã£ Ä‘á»• bá»™ Emart Phan VÄƒn Trá»‹ & Emart Phan Huy Ãch vá»›i nhá»¯ng tráº£i nghiá»‡m Ãªm cá»±c Ãªm!!! Chá»‰ cáº§n thao tÃ¡c tham gia check-in cá»±c Ä‘Æ¡n giáº£n Ä‘Ã£ cÃ³ cÆ¡ há»™i thÆ°á»Ÿng thá»©c ngay vá»‹ bia má»›i tá»« 333 PILSNER cÃ¹ng nhiá»u quÃ  táº·ng háº¥p dáº«n khÃ¡c! Ráº¥t nhiá»u bá»©c áº£nh â€œÃªm cá»±c Ãªmâ€ Ä‘Æ°á»£c ra Ä‘á»i, Ä‘áº·c biá»‡t sá»± xuáº¥t hiá»‡n cá»§a S.T SÆ¡n Tháº¡ch táº¡i Emart Phan VÄƒn Trá»‹ cÃ ng lÃ m khÃ´ng khÃ­ bÃ¹ng ná»• hÆ¡n bao giá» háº¿t! CÃ¹ng 333 PILSNER nhÃ¬n láº¡i nhá»¯ng khoáº£nh kháº¯c Ä‘áº§y thÃº vá»‹ nha! #333PILSNER #ViBiaMoi #EmCucEm
*NgÆ°á»i dÆ°á»›i 18 tuá»•i khÃ´ng Ä‘Æ°á»£c uá»‘ng rÆ°á»£u bia
*ÄÃ£ uá»‘ng rÆ°á»£u bia - KhÃ´ng lÃ¡i xe",,"['#333PILSNER', '#ViBiaMoi', '#EmCucEm']"
2024-09-06 19:35:00,2697,"ThÃ­ch, YÃªu thÃ­ch vÃ  ThÆ°Æ¡ng thÆ°Æ¡ng",96,"DUET CHALLENGE â€œÃŠM Cá»°C ÃŠMâ€: SÃNG Táº O KHOáº¢NH KHáº®C Táº¬N HÆ¯á»NG 333 PILSNER Äá»‚ SÄ‚N QUÃ€ Äá»ˆNH! SÃ¢n chÆ¡i má»›i toanh nÆ¡i cÃ¡c â€œanh tÃ iâ€, â€chá»‹ Ä‘áº¹pâ€ cÃ¹ng trá»• tÃ i vÃ  thÆ°á»Ÿng thá»©c bia 333 Pilsner Ãªm cá»±c Ãªm theo cÃ¡ch riÃªng cá»§a mÃ¬nh! Anh trai Song LuÃ¢n, chá»‹ Ä‘áº¹p Trang PhÃ¡p, chef Huy Tráº§n Ä‘Ã£ flex nháº¹ nhá»¯ng cÃ¡ch thÆ°á»Ÿng thá»©c bia 333 Pilsner ÃŠm Cá»±c ÃŠm. CÃ²n báº¡n thÃ¬ sao? Tham gia ngay cÃ¹ng 333 Pilsner vÃ  rinh quÃ  â€œÃªm cá»±c Ãªmâ€ chá»‰ vá»›i cÃ¡c bÆ°á»›c sau:
ğŸ‘‰ BÆ°á»›c 1: Chá»n chá»§ Ä‘á» mÃ¬nh thÃ­ch vÃ  quay video duet trÃªn ná»n táº£ng Tiktok cÃ¹ng 3 chiáº¿n tháº§n Song LuÃ¢n - Huy Tráº§n - Trang PhÃ¡p vá»›i 3 chá»§ Ä‘á» tÆ°Æ¡ng á»©ng lÃ  nháº£y - náº¥u Äƒn - hÃ¡t/rap:
âœ¨ Duet nháº£y cÃ¹ng Song LuÃ¢n táº¡i: https://vt.tiktok.com/ZS2yw62Pd/
âœ¨ Duet náº¥u Äƒn cÃ¹ng Huy Tráº§n táº¡i: https://vt.tiktok.com/ZS2y7vtjk/
âœ¨ Duet hÃ¡t/rap cÃ¹ng Trang PhÃ¡p táº¡i: https://vt.tiktok.com/ZS2y7VQkK/
Khuyáº¿n khÃ­ch cÃ³ sá»­ dá»¥ng sáº£n pháº©m 333 PILSNER.
ğŸ‘‰ BÆ°á»›c 2: ÄÄƒng táº£i video duet hoÃ n chá»‰nh trÃªn Tiktok cÃ¡ nhÃ¢n á»Ÿ cháº¿ Ä‘á»™ cÃ´ng khai kÃ¨m hashtag #333PILSNER #ViBiaMoi #EmCucEm
ğŸ‘‰ BÆ°á»›c 3: Copy link video vÃ  bÃ¬nh luáº­n tham gia bÃªn dÆ°á»›i bÃ i Ä‘Äƒng nÃ y Ä‘á»ƒ 333 Pilsner ghi nháº­n sá»± tham gia cá»§a báº¡n nhÃ©. ğŸ”¥ Loáº¡t giáº£i thÆ°á»Ÿng dÃ nh cho nhá»¯ng video â€œÃŠm Cá»±c ÃŠmâ€:
GIáº¢I TUáº¦N:
ğŸ 03 giáº£i tÆ°Æ¡ng tÃ¡c má»—i tuáº§n: má»—i giáº£i bao gá»“m 3 triá»‡u Ä‘á»“ng tiá»n máº·t + 01 thÃ¹ng bia 333 Pilsner
ğŸ 33 giáº£i may máº¯n má»—i tuáº§n: má»—i giáº£i bao gá»“m 01 thÃ¹ng bia 333 Pilsner
GIáº¢I CHUNG CUá»˜C â€œÃŠM Cá»°C ÃŠMâ€: dÃ nh cho 3 video sÃ¡ng táº¡o nháº¥t.
ğŸ“±03 giáº£i ÃŠm Cá»±c ÃŠm: má»—i giáº£i bao gá»“m 01 iPhone 15 Pro Max + 01 thÃ¹ng bia 333 Pilsner ğŸ“ Chi tiáº¿t thá»ƒ lá»‡: https://docs.google.com/document/d/12IE66v_Wpbq-_DA1blR8st9ZcP5BgqrM/edit?usp=sharing&ouid=109194350042153559578&rtpof=true&sd=true
ğŸ“ Thá»i gian tham gia: tá»« ngÃ y 06/09/2024 Ä‘áº¿n ngÃ y 27/09/2024
CÆ¡ há»™i nháº­n quÃ  dÃ nh cho táº¥t cáº£ cÃ¡c báº¡n, tham gia ngay nhÃ©! #333PILSNER #ViBiaMoi #EmCucEm
* NgÆ°á»i dÆ°á»›i 18 tuá»•i khÃ´ng Ä‘Æ°á»£c uá»‘ng rÆ°á»£u bia
* ÄÃ£ uá»‘ng rÆ°á»£u bia - KhÃ´ng lÃ¡i xe",ğŸ‘‰âœ¨âœ¨âœ¨ğŸ‘‰ğŸ‘‰ğŸ”¥ğŸğŸğŸ“±ğŸ“ğŸ“,"['#333PILSNER', '#ViBiaMoi', '#EmCucEm', '#333PILSNER', '#ViBiaMoi', '#EmCucEm']"
2024-09-06 11:40:00,102,ThÃ­ch vÃ  YÃªu thÃ­ch,1,"333 PILSNER x S.T SÆ N THáº CH: 19H NGÃ€Y 7/9/2024 Táº I EMART PHAN VÄ‚N TRá»Š Báº¡n lÃ  fan cá»§a 333 hay S.T SÆ¡n Tháº¡ch? Báº¡n Ä‘Ã£ thá»­ vá»‹ bia má»›i Ãªm cá»±c Ãªm cá»§a 333 Pilsner chÆ°a? Thá»i gian vÃ  Ä‘á»‹a Ä‘iá»ƒm Ä‘Ã£ quÃ¡ rÃµ rÃ ng, Ä‘áº¿n ngay Emart Phan VÄƒn Trá»‹ vÃ o 19h ngÃ y 7.9.2024 Ä‘á»ƒ cÃ³ cÆ¡ há»™i gáº·p gá»¡ S.T SÆ¡n Tháº¡ch vÃ  Ä‘Ã³n chá» mÃ n biá»ƒu diá»…n Ãªm cá»±c Ãªm cá»§a anh áº¥y nhÃ©. BÃªn cáº¡nh Ä‘Ã³, báº¡n cÃ²n cÃ³ cÆ¡ há»™i thá»­ vá»‹ bia má»›i Ãªm cá»±c Ãªm 333 Pilsner vÃ  nháº­n quÃ  háº¥p dáº«n chá»‰ vá»›i 2 bÆ°á»›c Ä‘Æ¡n giáº£n sau:
âœ… BÆ°á»›c 1: Táº¡o dÃ¡ng check-in táº¡i booth 333 PILSNER
âœ… BÆ°á»›c 2: ÄÄƒng táº£i áº£nh lÃªn facebook á»Ÿ cháº¿ Ä‘á»™ cÃ´ng khai, kÃ¨m hashtag #333PILSNER #ViBiaMoi #EmCucEm
LÃªn lá»‹ch ngay vÃ  Ä‘á»«ng bá» lá»¡ chÆ°Æ¡ng trÃ¬nh nÃ y nhÃ©. ğŸ“ Ghim láº¡i Ä‘á»‹a chá»‰ cá»¥ thá»ƒ cho anh em Ä‘áº¿n tham gia nÃ¨:
Emart: 366 Phan VÄƒn Trá»‹, PhÆ°á»ng 5, Quáº­n GÃ² Váº¥p, TP.HCM #333PILSNER #ViBiaMoi #EmCucEm
* NgÆ°á»i dÆ°á»›i 18 tuá»•i khÃ´ng Ä‘Æ°á»£c uá»‘ng rÆ°á»£u bia
* ÄÃ£ uá»‘ng rÆ°á»£u bia - KhÃ´ng lÃ¡i xe",ğŸ“,"['#333PILSNER', '#ViBiaMoi', '#EmCucEm', '#333PILSNER', '#ViBiaMoi', '#EmCucEm']"
2024-09-06 10:45:00,35,ThÃ­ch,0,,,
2024-09-06 10:45:00,35,ThÃ­ch,0,,,
2024-09-06 10:45:00,35,ThÃ­ch,0,,,
2024-09-06 10:45:00,35,ThÃ­ch,0,,,
2024-09-06 10:45:00,35,ThÃ­ch,0,,,
2024-09-06 10:45:00,35,ThÃ­ch,0,,,
2024-09-06 10:45:00,35,ThÃ­ch,0,,,
2024-08-30 20:19:00,38,ThÃ­ch vÃ  YÃªu thÃ­ch,1,,,
2024-08-30 20:19:00,38,ThÃ­ch vÃ  YÃªu thÃ­ch,1,,,
2024-08-30 20:19:00,38,ThÃ­ch vÃ  YÃªu thÃ­ch,1,,,
2024-08-30 20:19:00,38,ThÃ­ch vÃ  YÃªu thÃ­ch,1,,,
2024-08-30 20:19:00,38,ThÃ­ch vÃ  YÃªu thÃ­ch,1,,,
2024-08-30 20:19:00,38,ThÃ­ch vÃ  YÃªu thÃ­ch,1,,,
2024-08-30 20:19:00,38,ThÃ­ch vÃ  YÃªu thÃ­ch,1,,,
2024-08-28 21:31:00,12502,"ThÃ­ch, YÃªu thÃ­ch vÃ  ThÆ°Æ¡ng thÆ°Æ¡ng",1144,"333 PILSNER - Vá»Š BIA Má»šI ÃŠM Cá»°C ÃŠM VÃ€ NHá»®NG ÄIá»€U Äáº¶C BIá»†T KHÃ”NG THá»‚ Bá» QUA! Bia 333 PILSNER má»›i ra máº¯t vá»›i vá»‹ Ãªm cá»±c Ãªm sáºµn sÃ ng chinh phá»¥c táº¥t cáº£ má»i ngÆ°á»i ngay tá»« ngá»¥m Ä‘áº§u tiÃªn. Váº­y Ä‘Ã¢u lÃ  Ä‘iá»u lÃ m nÃªn vá»‹ bia Ãªm cá»±c Ãªm nÃ y? ÄÃ³ chÃ­nh lÃ â€¦
ğŸ‘‰ CÃ´ng nghá»‡ á»¦ Láº¡nh LÃ¢u tá»« ChÃ¢u Ã‚u
ğŸ‘‰ CÃ´ng thá»©c náº¥u bia Pilsner tá»« ChÃ¢u Ã‚u
ğŸ‘‰ NguyÃªn liá»‡u thÆ°á»£ng háº¡ng tá»« ChÃ¢u Ã‚u Bia 333 PILSNER hiá»‡n Ä‘Ã£ cÃ³ máº·t táº¡i cÃ¡c sÃ n thÆ°Æ¡ng máº¡i Ä‘iá»‡n tá»­, cá»­a hÃ ng & siÃªu thá»‹ trÃªn toÃ n quá»‘c. Thá»­ ngay nhÃ©! #333PILSNER #ViBiaMoi #EmCucEm * NgÆ°á»i dÆ°á»›i 18 tuá»•i khÃ´ng Ä‘Æ°á»£c uá»‘ng rÆ°á»£u bia
* ÄÃ£ uá»‘ng rÆ°á»£u bia - KhÃ´ng lÃ¡i xe",ğŸ‘‰ğŸ‘‰ğŸ‘‰,"['#333PILSNER', '#ViBiaMoi', '#EmCucEm']"
2024-08-15 18:15:00,4759,"ThÃ­ch, YÃªu thÃ­ch vÃ  ThÆ°Æ¡ng thÆ°Æ¡ng",153,"Sáº¢N PHáº¨M Má»šI 333 PILSNER: Äá»˜T PHÃ Vá»šI Vá»Š BIA ÃŠM Cá»°C ÃŠM CÃ™NG DIá»†N Máº O áº¤N TÆ¯á»¢NG! KhÃ´ng chá»‰ mang Ä‘áº¿n sá»± báº¥t ngá» vá»›i vá»‹ bia má»›i ÃŠM Cá»°C ÃŠM Ä‘Æ°á»£c táº¡o nÃªn bá»Ÿi nguyÃªn liá»‡u thÆ°á»£ng háº¡ng cÃ¹ng cÃ´ng nghá»‡ á»§ láº¡nh lÃ¢u tá»« ChÃ¢u Ã‚u. Bia 333 PILSNER cÃ²n táº¡o áº¥n tÆ°á»£ng vá»›i thiáº¿t káº¿ hiá»‡n Ä‘áº¡i, sang trá»ng, tinh táº¿ Ä‘áº¿n tá»«ng chi tiáº¿t. Báº¡n Ä‘Ã£ thá»­ vá»‹ ÃŠM Cá»°C ÃŠM cá»§a bia 333 PILSNER chÆ°a, hÃ£y cÃ¹ng tráº£i nghiá»‡m sáº£n pháº©m má»›i nÃ y nhÃ©, cháº¯c cháº¯n sáº½ lÃ m báº¡n pháº£i â€œwowâ€. Bia 333 PILSNER hiá»‡n Ä‘Ã£ cÃ³ máº·t táº¡i cÃ¡c sÃ n thÆ°Æ¡ng máº¡i Ä‘iá»‡n tá»­, cá»­a hÃ ng & siÃªu thá»‹ trÃªn toÃ n quá»‘c. Thá»­ ngay nhÃ©! #333PILSNER #ViBiaMoi #EmCucEm * NgÆ°á»i dÆ°á»›i 18 tuá»•i khÃ´ng Ä‘Æ°á»£c uá»‘ng rÆ°á»£u bia
* ÄÃ£ uá»‘ng rÆ°á»£u bia - KhÃ´ng lÃ¡i xe",,"['#333PILSNER', '#ViBiaMoi', '#EmCucEm']"
2024-08-07 21:00:00,256,"ThÃ­ch, YÃªu thÃ­ch vÃ  Wow",20,"Sá»° KIá»†N RA Máº®T Sáº¢N PHáº¨M Má»šI - BIA 333 PILSNER - Vá»Š BIA Má»šI, ÃŠM Cá»°C ÃŠM. KhÃ´ng chá»‰ mang Ä‘áº¿n sá»± báº¥t ngá» vá»›i sáº£n pháº©m má»›i 333 PILSNER cÃ¹ng vá»‹ bia Ãªm cá»±c Ãªm. ThÆ°Æ¡ng hiá»‡u bia 333 cÃ²n mang Ä‘áº¿n cho khÃ¡ch má»i má»™t tráº£i nghiá»‡m Ä‘a giÃ¡c quan Ä‘áº§y áº¥n tÆ°á»£ng. âœ¨Tráº£i nghiá»‡m khÃ´ng gian vá»›i hÆ°Æ¡ng thÆ¡m Ä‘áº·c trÆ°ng cá»§a hoa bia vÃ  khÃ¡m phÃ¡ nguyÃªn liá»‡u tinh tuyá»ƒn Ä‘á»ƒ táº¡o nÃªn cÃ´ng thá»©c náº¥u bia 333 PILSNER.
âœ¨MÃ£n nhÃ£n vá»›i nhá»¯ng thÆ°á»›c phim tinh xáº£o mÃ´ táº£ quÃ¡ trÃ¬nh táº¡o nÃªn vá»‹ bia Ãªm cá»±c Ãªm vá»›i cÃ´ng nghá»‡ á»§ láº¡nh lÃ¢u tá»« ChÃ¢u Ã‚u, cÃ¹ng thiáº¿t káº¿ bao bÃ¬ sang trá»ng, hiá»‡n Ä‘áº¡i.
âœ¨ThÆ°á»Ÿng thá»©c vá»‹ bia má»›i Ãªm cá»±c Ãªm cÃ¹ng áº©m thá»±c tuyá»‡t háº£o vÃ  Ã¢m nháº¡c bÃ¹ng ná»•. HÃ£y cÃ¹ng xem láº¡i hÃ nh trÃ¬nh Ä‘a giÃ¡c quan táº¡i sá»± kiá»‡n ra máº¯t sáº£n pháº©m má»›i 333 PILSNER diá»…n ra vá»«a rá»“i nhÃ©! #333PILSNER #ViBiaMoi #EmCucEm * NgÆ°á»i dÆ°á»›i 18 tuá»•i khÃ´ng Ä‘Æ°á»£c uá»‘ng rÆ°á»£u bia
* ÄÃ£ uá»‘ng rÆ°á»£u bia - KhÃ´ng lÃ¡i xe",âœ¨âœ¨âœ¨,"['#333PILSNER', '#ViBiaMoi', '#EmCucEm']"
2024-08-06 22:20:00,167,"ThÃ­ch, YÃªu thÃ­ch vÃ  Wow",5,,,
2024-08-06 22:20:00,167,"ThÃ­ch, YÃªu thÃ­ch vÃ  Wow",5,,,
2024-08-06 22:20:00,167,"ThÃ­ch, YÃªu thÃ­ch vÃ  Wow",5,,,
2024-08-06 22:20:00,167,"ThÃ­ch, YÃªu thÃ­ch vÃ  Wow",5,,,
2024-08-06 22:20:00,167,"ThÃ­ch, YÃªu thÃ­ch vÃ  Wow",5,,,
2024-08-06 22:20:00,167,"ThÃ­ch, YÃªu thÃ­ch vÃ  Wow",5,,,
2024-08-06 22:20:00,167,"ThÃ­ch, YÃªu thÃ­ch vÃ  Wow",5,,,
2024-08-06 19:25:00,6909,"ThÃ­ch, YÃªu thÃ­ch vÃ  Haha",497,"Má»˜T Sáº¢N PHáº¨M HOÃ€N TOÃ€N Má»šI
333 PILSNER - Vá»Š BIA Má»šI, ÃŠM Cá»°C ÃŠM Sau má»™t khoáº£ng thá»i gian áº¥p á»§, nghiÃªn cá»©u cÃ´ng thá»©c, chá»n lá»c kÄ© lÆ°á»¡ng nguyÃªn liá»‡u, 333 chÃ­nh thá»©c ra máº¯t loáº¡i bia má»›i vá»›i tÃªn gá»i 333 PILSNER. Vá»›i cÃ´ng nghá»‡ á»§ láº¡nh lÃ¢u tá»« ChÃ¢u Ã‚u cÃ¹ng nguyÃªn liá»‡u thÆ°á»£ng háº¡ng, mang Ä‘áº¿n má»™t vá»‹ bia má»›i, Ãªm cá»±c Ãªm. Náº¿u báº¡n Ä‘ang tÃ¬m kiáº¿m má»™t loáº¡i bia vá»›i hÆ°Æ¡ng vá»‹ ná»“ng nÃ n vÃ  Ä‘áº·c biá»‡t lÃ  Ãªm cá»±c Ãªmmmmmm thÃ¬ Ä‘á»«ng ngáº§n ngáº¡i thá»­ ngay 333 PILSNER nhÃ©. Bia 333 PILSNER hiá»‡n Ä‘Ã£ cÃ³ máº·t táº¡i cÃ¡c sÃ n thÆ°Æ¡ng máº¡i Ä‘iá»‡n tá»­, cá»­a hÃ ng, siÃªu thá»‹ trÃªn toÃ n quá»‘c. #333PILSNER #ViBiaMoi #EmCucEm",,"['#333PILSNER', '#ViBiaMoi', '#EmCucEm']"
2024-07-29 17:22:00,2177,"ThÃ­ch, YÃªu thÃ­ch vÃ  ThÆ°Æ¡ng thÆ°Æ¡ng",79,"Má»˜T Sáº¢N PHáº¨M HOÃ€N TOÃ€N Má»šI Sáº®P RA Máº®T ğŸ‘‰ CÃ´ng nghá»‡ á»§ láº¡nh lÃ¢u tá»« ChÃ¢u Ã‚u
ğŸ‘‰ Vá»‹ bia má»›i, Ãªm cá»±c Ãªm
ğŸ‘‰ Thiáº¿t káº¿ sang trá»ng, Ä‘áº³ng cáº¥p Cháº¯c cháº¯n anh em sáº½ báº¥t ngá», cÃ¹ng Ä‘Ã³n chá» nhÃ©! #ViBiaMoi #EmCucEm #comingsoon * NgÆ°á»i dÆ°á»›i 18 tuá»•i khÃ´ng Ä‘Æ°á»£c uá»‘ng rÆ°á»£u bia
* ÄÃ£ uá»‘ng rÆ°á»£u bia - KhÃ´ng lÃ¡i xe",ğŸ‘‰ğŸ‘‰ğŸ‘‰,"['#ViBiaMoi', '#EmCucEm', '#comingsoon']"
2024-07-27 14:44:00,121,"ThÃ­ch, YÃªu thÃ­ch vÃ  ThÆ°Æ¡ng thÆ°Æ¡ng",4,,,
2024-07-27 14:44:00,121,"ThÃ­ch, YÃªu thÃ­ch vÃ  ThÆ°Æ¡ng thÆ°Æ¡ng",4,,,
2024-07-27 14:44:00,121,"ThÃ­ch, YÃªu thÃ­ch vÃ  ThÆ°Æ¡ng thÆ°Æ¡ng",4,,,
2024-07-27 14:44:00,121,"ThÃ­ch, YÃªu thÃ­ch vÃ  ThÆ°Æ¡ng thÆ°Æ¡ng",4,,,
2024-07-27 14:44:00,121,"ThÃ­ch, YÃªu thÃ­ch vÃ  ThÆ°Æ¡ng thÆ°Æ¡ng",4,,,
2024-07-27 14:44:00,121,"ThÃ­ch, YÃªu thÃ­ch vÃ  ThÆ°Æ¡ng thÆ°Æ¡ng",4,,,
2024-07-27 14:44:00,121,"ThÃ­ch, YÃªu thÃ­ch vÃ  ThÆ°Æ¡ng thÆ°Æ¡ng",4,,,
2024-07-16 17:12:00,101,"ThÃ­ch, Buá»“n vÃ  YÃªu thÃ­ch",20,"CHÃšC Má»ªNG NHá»®NG KHÃCH HÃ€NG MAY Máº®N ÄÃƒ Dá»° ÄOÃN ÄÃšNG NHÃ€ VÃ” Äá»ŠCH EURO, NHáº¬N NGAY QUÃ€ Xá»ŠN Tá»ª 333! ğŸ» Minigame â€œDá»± Ä‘oÃ¡n nhÃ  vÃ´ Ä‘á»‹ch Euro"" Ä‘Ã£ káº¿t thÃºc vá»›i ráº¥t nhiá»u comment dá»± Ä‘oÃ¡n tá»« nhá»¯ng anh em Ä‘am mÃª thá»ƒ thao báº¥t táº­n!!!! ï¸âš½ 333 xin chÃºc má»«ng nhá»¯ng khÃ¡ch hÃ ng sau Ä‘Ã£ thÃ nh cÃ´ng dá»± Ä‘oÃ¡n Ä‘Ãºng Ä‘á»™i tuyá»ƒn vÃ´ Ä‘á»‹ch TÃ¢y Ban Nha Ä‘á»ƒ nháº­n vá» tay nhá»¯ng chiáº¿c Ã¡o thun 333 cao cáº¥p! ğŸ“Œ Nhá»¯ng khÃ¡ch hÃ ng trÃºng giáº£i vui lÃ²ng liÃªn há»‡ vá» fanpage 333 Beer Ä‘áº¿n háº¿t ngÃ y 15/08/2024 Ä‘á»ƒ cung cáº¥p thÃ´ng tin nháº­n thÆ°á»Ÿng nhÃ©! VÃ  Ä‘á»«ng quÃªn tiáº¿p tá»¥c theo dÃµi fanpage Ä‘á»ƒ cÃ¹ng Ä‘Ã³n chá» nhá»¯ng minigame thÃº vá»‹ sáº¯p tá»›i! #333Beer #3TinhHoaViDamChat #VangDanhHuyenThoai * NgÆ°á»i dÆ°á»›i 18 tuá»•i khÃ´ng Ä‘Æ°á»£c uá»‘ng rÆ°á»£u bia
* ÄÃ£ uá»‘ng rÆ°á»£u bia - KhÃ´ng lÃ¡i xe",ğŸ»ğŸ“Œ,"['#333Beer', '#3TinhHoaViDamChat', '#VangDanhHuyenThoai']"
2024-07-15 20:45:00,73,"ThÃ­ch, YÃªu thÃ­ch vÃ  ThÆ°Æ¡ng thÆ°Æ¡ng",3,"Vá»Š BIA 333 Äáº¬M CHáº¤T Äáº¶C TRÆ¯NG, Há»˜I SÃ€NH BIA THá»¬ LÃ€ Æ¯NG!ğŸº ğŸ’¯Nháº¯c Ä‘áº¿n Bia 333 cháº¯c cháº¯n má»i ngÆ°á»i sáº½ nghÄ© ngay Ä‘áº¿n vá»‹ bia Ä‘áº­m cháº¥t Ä‘áº·c trÆ°ng mÃ  khÃ´ng cÃ³ loáº¡i bia nÃ o sÃ¡nh Ä‘Æ°á»£c. NhÆ°ng cháº¯c Ã­t ai biáº¿t Ä‘Æ°á»£c bÃ­ thuáº­t Ä‘á»ƒ táº¡o nÃªn vá»‹ bia Ä‘áº·c trÆ°ng áº¥y. Vá»›i sá»± káº¿t há»£p tuyá»‡t háº£o cá»§a 3 tinh hoa: Hoa bia Äá»©c, cÃ´ng thá»©c PhÃ¡p cÃ¹ng tÃ i nÄƒng vÃ  tinh tháº§n Viá»‡t, bia 333 Ä‘Ã£ vÃ  Ä‘ang lÃ m say lÃ²ng nhá»¯ng ai yÃªu thÃ­ch hÆ°Æ¡ng vá»‹ Ä‘áº·c trÆ°ng gáº§n 150 nÄƒm káº¿ thá»«a vÃ  gÃ¬n giá»¯. HÃ£y Ä‘á»ƒ bia 333 cÃ³ cÆ¡ há»™i lÃ m â€œsay lÃ²ngâ€ anh em nhÃ©. CÃ¹ng tráº£i nghiá»‡m vá»‹ bia â€œcÃ³ má»™t khÃ´ng haiâ€ nÃ y vÃ  chia sáº» ngay cho 333 biáº¿t cáº£m nháº­n cá»§a anh em nÃ o. ğŸ™Œ #333Beer #3TinhHoaViDamChat #VangDanhHuyenThoai * NgÆ°á»i dÆ°á»›i 18 tuá»•i khÃ´ng Ä‘Æ°á»£c uá»‘ng rÆ°á»£u bia
* ÄÃ£ uá»‘ng rÆ°á»£u bia - KhÃ´ng lÃ¡i xe",ğŸºğŸ’¯ğŸ™Œ,"['#333Beer', '#3TinhHoaViDamChat', '#VangDanhHuyenThoai']"
2024-07-09 20:00:00,4348,"ThÃ­ch, YÃªu thÃ­ch vÃ  ThÆ°Æ¡ng thÆ°Æ¡ng",1464,"[MINIGAME] Dá»° ÄOÃN NHÃ€ VÃ” Äá»ŠCH EURO 2024 CÃ™NG 333 Tráº­n chung káº¿t náº£y lá»­a khÃ©p láº¡i mÃ¹a Euro 2024 sáº½ chÃ­nh thá»©c Ä‘á»• bá»™ trong vÃ i ngÃ y tá»›i, anh em Ä‘Ã£ cÃ³ cho mÃ¬nh cÃ¡i tÃªn sÃ¡ng giÃ¡ cho vá»‹ trÃ­ vÃ´ Ä‘á»‹ch chÆ°a? CÃ¹ng lÃªn Bia 333 Ä‘áº­m cháº¥t, dá»± Ä‘oÃ¡n nhÃ  vÃ´ Ä‘á»‹ch tá»« nay Ä‘áº¿n háº¿t 22h ngÃ y 14.7.2024, cÆ¡ há»™i nháº­n Ã¡o thun cao cáº¥p tá»« 333, chá»‰ vá»›i 2 bÆ°á»›c sau: ï¸âš½ BÆ¯á»šC 1: BÃ¬nh luáº­n tÃªn Ä‘á»™i tuyá»ƒn dá»± Ä‘oÃ¡n sáº½ vÃ´ Ä‘á»‹ch Euro 2024, kÃ¨m 1 sá»‘ may máº¯n tá»« 0001-9999.
VÃ­ dá»¥: PhÃ¡p - 1234 ï¸âš½ BÆ¯á»šC 2: Chia sáº» bÃ i Ä‘Äƒng nÃ y á»Ÿ cháº¿ Ä‘á»™ cÃ´ng khai kÃ¨m hashtag #333Beer #3TinhHoaViDamChat ğŸ 10 ÃO THUN CAO Cáº¤P 333 dÃ nh cho 10 ngÆ°á»i chÆ¡i dá»± Ä‘oÃ¡n chÃ­nh xÃ¡c vÃ  may máº¯n nháº¥t. ChÆ¡i ngay káº»o lá»¡ anh em nhÃ©! â€¼ï¸LÆ¯U Ã:
- TÃ i khoáº£n bÃ¬nh luáº­n há»£p lá»‡ khÃ´ng chá»‰nh sá»­a ná»™i dung trong suá»‘t quÃ¡ trÃ¬nh tham gia.
- TÃ i khoáº£n há»£p lá»‡ khÃ´ng Ä‘Æ°á»£c bÃ¬nh luáº­n quÃ¡ 10 láº§n (tá»©c 10 sá»‘ may máº¯n/ 1 tÃ i khoáº£n).
- Náº¿u cÃ³ tá»« 2 ngÆ°á»i cÃ³ con sá»‘ may máº¯n trÃ¹ng vá»›i káº¿t quáº£, ngÆ°á»i cÃ³ bÃ¬nh luáº­n sá»›m nháº¥t sáº½ trÃºng giáº£i. #333Beer #3TinhHoaViDamChat #VangDanhHuyenThoai * NgÆ°á»i dÆ°á»›i 18 tuá»•i khÃ´ng Ä‘Æ°á»£c uá»‘ng rÆ°á»£u bia
* ÄÃ£ uá»‘ng rÆ°á»£u bia - KhÃ´ng lÃ¡i xe",ğŸ,"['#333Beer', '#3TinhHoaViDamChat', '#333Beer', '#3TinhHoaViDamChat', '#VangDanhHuyenThoai']"
2024-07-01 20:43:00,128,"ThÃ­ch, Buá»“n vÃ  YÃªu thÃ­ch",24,"Lá»˜ DIá»†N NHá»®NG CAO THá»¦ Báº®T TINH HOA, THÃ€NH CÃ”NG RINH QUÃ€ Äáº¬M CHáº¤T Vá»€ NHÃ€ ğŸ™Œ Minigame â€œBáº¯t trá»n tinh hoa - Rinh quÃ  Ä‘áº­m cháº¥t"" Ä‘Ã£ Ä‘i Ä‘áº¿n há»“i káº¿t vÃ  nhá»¯ng ngÆ°á»i chÆ¡i may máº¯n sá»Ÿ há»¯u quÃ  Ä‘áº­m cháº¥t tá»« 333 cÅ©ng Ä‘Ã£ chÃ­nh thá»©c xuáº¥t hiá»‡n! Anh em nÃ o cÃ³ tÃªn trong danh sÃ¡ch trÃºng thÆ°á»Ÿng hÃ£y nháº¯n ngay cho 333 trÆ°á»›c ngÃ y 31/07/2024 Ä‘á»ƒ quÃ  vá» tay sá»›m nháº¥t cÃ³ thá»ƒ nhÃ©!ğŸ‘‡ HÃ£y tiáº¿p tá»¥c Ä‘Ã³n chá» nhá»¯ng Minigame Ä‘áº­m cháº¥t tiáº¿p theo tá»« Bia 333 nhÃ©! #333Beer #3TinhHoaViDamChat #VangDanhHuyenThoai * NgÆ°á»i dÆ°á»›i 18 tuá»•i khÃ´ng Ä‘Æ°á»£c uá»‘ng rÆ°á»£u bia
* ÄÃ£ uá»‘ng rÆ°á»£u bia - KhÃ´ng lÃ¡i xe",ğŸ™ŒğŸ‘‡,"['#333Beer', '#3TinhHoaViDamChat', '#VangDanhHuyenThoai']"
2024-06-26 19:00:00,9653,"ThÃ­ch, YÃªu thÃ­ch vÃ  ThÆ°Æ¡ng thÆ°Æ¡ng",84,"DZÃ”Ã”Ã” 333, CUá»’NG NHIá»†T EURO âš½ï¸ CÃ²n gÃ¬ báº±ng khi vá»«a Ä‘Æ°á»£c thÆ°á»Ÿng thá»©c nhá»¯ng tráº­n cáº§u Ä‘á»‰nh cao vÃ  lÃªn bia 333 Ä‘áº­m cháº¥t. CÃ¹ng tráº£i nghiá»‡m hÆ°Æ¡ng vá»‹ 333 ná»“ng nÃ n Ä‘áº·c trÆ°ng vÃ  táº¡o nÃªn má»™t mÃ¹a Euro tháº­t cuá»“ng nhiá»‡t anh em nhÃ©! #333Beer #3TinhHoaViDamChat #VangDanhHuyenThoai * NgÆ°á»i dÆ°á»›i 18 tuá»•i khÃ´ng Ä‘Æ°á»£c uá»‘ng rÆ°á»£u bia
* ÄÃ£ uá»‘ng rÆ°á»£u bia - KhÃ´ng lÃ¡i xe",,"['#333Beer', '#3TinhHoaViDamChat', '#VangDanhHuyenThoai']"
2024-06-16 15:09:00,112,"ThÃ­ch, YÃªu thÃ­ch vÃ  ThÆ°Æ¡ng thÆ°Æ¡ng",4,"ğŸ» NÃ‚NG 333 Äáº¬M CHáº¤T, Má»ªNG NGÃ€Y Cá»¦A CHA THÃŠM Äáº¬M TÃŒNH ğŸ‘¨ DÃ¹ khÃ´ng hay nÃ³i nhÆ°ng Cha váº«n luÃ´n lÃ  ngÆ°á»i Ä‘Ã n Ã´ng tuyá»‡t háº£o, ngÆ°á»i luÃ´n Ã¢m tháº§m Ä‘á»“ng hÃ nh vÃ  chia sáº» trÃªn má»i hÃ nh trÃ¬nh cá»§a báº¡n. ï¸ğŸ‰ Má»«ng ngÃ y cá»§a Cha, cÃ¹ng nÃ¢ng Bia 333 Ä‘áº­m cháº¥t vÃ  gá»­i Ä‘áº¿n Cha nhá»¯ng lá»i yÃªu thÆ°Æ¡ng cho ngÃ y Ä‘áº·c biá»‡t thÃªm Ä‘áº­m tÃ¬nh báº¡n nhÃ©! #333Beer #3TinhHoaViDamChat #VangDanhHuyenThoai * NgÆ°á»i dÆ°á»›i 18 tuá»•i khÃ´ng Ä‘Æ°á»£c uá»‘ng rÆ°á»£u bia
* ÄÃ£ uá»‘ng rÆ°á»£u bia - KhÃ´ng lÃ¡i xe",ğŸ»ğŸ‘¨ğŸ‰,"['#333Beer', '#3TinhHoaViDamChat', '#VangDanhHuyenThoai']"
2024-06-14 20:00:00,8200,"ThÃ­ch, YÃªu thÃ­ch vÃ  ThÆ°Æ¡ng thÆ°Æ¡ng",36629,"[MINIGAME] BÄ‚ÌT TROÌ£N TINH HOA, RINH QUAÌ€ Äáº¬M CHáº¤T ğŸ”¥ CÆ¡ há»™i sá»Ÿ há»¯u hiá»‡n kim chÆ°a bao giá» Ä‘Æ¡n giáº£n Ä‘áº¿n tháº¿ vá»›i 333!
Tá»« 14/06/2024 Ä‘ÃªÌn 28/06/2024 má»i anh em cÃ¹ng thá»­ váº­n may chá»‰ vá»›i 3 bÆ°á»›c Ä‘Æ¡n giaÌ‰n sau ğŸ‘‡: ğŸ‘‰ BÆ¯á»šC 1: Chá»¥p mÃ n hÃ¬nh khoáº£nh kháº¯c cáº£ 3 tinh hoa xuáº¥t hiá»‡n cÃ¹ng lÃºc trÃªn vÃ²ng quay
ğŸ‘‰ BÆ¯á»šC 2: BÃ¬nh luáº­n áº£nh chá»¥p mÃ n hÃ¬nh bÃªn dÆ°á»›i bÃ i Ä‘Äƒng nÃ y kÃ¨m hashtag #3TinhHoaViDamChat vaÌ€ 1 con sá»‘ may máº¯n tá»« 0000 - 9999
ViÌ duÌ£: #3TinhHoaViDamChat 1234
ğŸ‘‰ BÆ¯á»šC 3: Share baÌ€i Ä‘Äƒng naÌ€y Æ¡Ì‰ chÃªÌ Ä‘Ã´Ì£ cÃ´ng khai vaÌ€ cuÌ€ng Ä‘oÌn chÆ¡Ì€ may mÄƒÌn rinh quaÌ€ Ä‘Ã¢Ì£m chÃ¢Ìt Danh saÌch truÌng giaÌ‰i seÌƒ Ä‘Æ°Æ¡Ì£c thÃ´ng baÌo taÌ£i fanpage cuÌ‰a 333 Beer:
ğŸ 3 GIáº¢I NHáº¤T má»—i giáº£i 1 CHá»ˆ VÃ€NG daÌ€nh cho 3 khaÌch haÌ€ng coÌ biÌ€nh luÃ¢Ì£n 4 sÃ´Ì may mÄƒÌn truÌ€ng vÆ¡Ìi kÃªÌt quaÌ‰ sÃ´Ì‰ xÃ´Ì Ä‘ÄƒÌ£c biÃªÌ£t MiÃªÌ€n BÄƒÌc ngaÌ€y 29.6.2024
ğŸ 33 GIáº¢I MAY Máº®N má»—i giáº£i 1 THÃ™NG BIA 333, daÌ€nh cho 33 khaÌch haÌ€ng may mÄƒÌn ngÃ¢Ìƒu nhiÃªn CÆ¡ hÃ´Ì£i nhÃ¢Ì£n quaÌ€ daÌ€nh cho tÃ¢Ìt caÌ‰ anh em, THAM GIA NGAY nheÌ! â€¼ï¸ LÆ¯U Ã:
- TaÌ€i khoaÌ‰n biÌ€nh luÃ¢Ì£n hÆ¡Ì£p lÃªÌ£ khÃ´ng chá»‰nh sá»­a ná»™i dung trong suá»‘t quÃ¡ trÃ¬nh tham gia.
- TÃ i khoáº£n há»£p lá»‡ khÃ´ng Ä‘Æ°á»£c bÃ¬nh luáº­n quÃ¡ 10 láº§n ( tá»©c 10 sá»‘ may máº¯n/ 1 tÃ i khoáº£n).
- Náº¿u cÃ³ nhiá»u hÆ¡n 3 ngÆ°á»i cÃ³ con sá»‘ may máº¯n trÃ¹ng vá»›i káº¿t quáº£, ngÆ°á»i cÃ³ bÃ¬nh luáº­n sá»›m nháº¥t sáº½ trÃºng giáº£i. #333Beer #3TinhHoaViDamChat #VangDanhHuyenThoai * NgÆ°á»i dÆ°á»›i 18 tuá»•i khÃ´ng Ä‘Æ°á»£c uá»‘ng rÆ°á»£u bia
* ÄÃ£ uá»‘ng rÆ°á»£u bia - KhÃ´ng lÃ¡i xe",ğŸ”¥ğŸ‘‡ğŸ‘‰ğŸ‘‰ğŸ‘‰ğŸğŸ,"['#3TinhHoaViDamChat', '#3TinhHoaViDamChat', '#333Beer', '#3TinhHoaViDamChat', '#VangDanhHuyenThoai']"
2024-06-09 20:00:00,547,"ThÃ­ch, YÃªu thÃ­ch vÃ  Haha",6,"SÆ¯Ì£ KÃŠÌT HÆ Ì£P TUYÃŠÌ£T HAÌ‰O CUÌ‰A 3 TINH HOA, TAÌ£O NÃŠN VIÌ£ BIA 333 Äáº¬M CHáº¤T ÄÄ‚Ì£C TRÆ¯NG Xá»©ng táº§m huyá»n thoáº¡i, Bia 333 khÃ´ng ngÆ°Ì€ng giÌ€n giÆ°Ìƒ vaÌ€ kÃªÌ thÆ°Ì€a 3 tinh hoa Ä‘á»ƒ mang Ä‘áº¿n vá»‹ bia Ä‘Ã¢Ì£m chÃ¢Ìt Ä‘ÄƒÌ£c trÆ°ng maÌ€ khÃ´ng thÃªÌ‰ lÃ¢Ìƒn vÆ¡Ìi bÃ¢Ìt cÆ°Ì mÃ´Ì£t loaÌ£i bia naÌ€o trÃªn thiÌ£ trÆ°Æ¡Ì€ng. ğŸ‡«ğŸ‡· Tinh hoa PhÃ¡p vá»›i cÃ´ng thá»©c Ä‘áº·c biá»‡t kÃªÌ thÆ°Ì€a tÆ°Ì€ nÄƒm 1875
ğŸ‡©ğŸ‡ª Tinh hoa Äá»©c vá»›i nguyÃªn liá»‡u thÆ°Æ¡Ì£ng haÌ£ng - hoa bia Hallertau ná»“ng nÃ n
ğŸ‡»ğŸ‡³ Tinh hoa Viá»‡t vá»›i tÃ i nÄƒng á»§ bia tuyÃªÌ£t haÌ‰o cuÌ‰a caÌc nghÃªÌ£ nhÃ¢n ViÃªÌ£t. Mua 333 ngay Ä‘ÃªÌ‰ thÆ°Æ¡Ì‰ng thÆ°Ìc viÌ£ bia Ä‘Ã¢Ì£m chÃ¢Ìt, Ä‘ÄƒÌ£c trÆ°ng naÌ€y nheÌ ğŸ» #333Beer #3TinhHoaViDamChat #VangDanhHuyenThoai * NgÆ°á»i dÆ°á»›i 18 tuá»•i khÃ´ng Ä‘Æ°á»£c uá»‘ng rÆ°á»£u bia
* ÄÃ£ uá»‘ng rÆ°á»£u bia - KhÃ´ng lÃ¡i xe",ğŸ»,"['#333Beer', '#3TinhHoaViDamChat', '#VangDanhHuyenThoai']"
2024-06-07 20:30:00,1789,"ThÃ­ch, YÃªu thÃ­ch vÃ  ThÆ°Æ¡ng thÆ°Æ¡ng",77,"Gáº¦N 150 NÄ‚M CHO HÃ€NH TRÃŒNH Táº O NÃŠN Vá»Š BIA 333 Äáº¬M CHáº¤T Äáº¶C TRÆ¯NG. 333 lÃ  thÆ°Æ¡ng hiá»‡u bia lon Ä‘áº§u tiÃªn Ä‘Æ°á»£c sáº£n xuáº¥t táº¡i thá»‹ trÆ°á»ng Viá»‡t Nam ká»ƒ tá»« nÄƒm 1985. Gáº§n 150 nÄƒm, bia 333 lÃ  sá»± giao thoa tá»« nhá»¯ng tinh hoa cá»§a 3 quá»‘c gia: hoa bia Hallertau tá»« nÆ°á»›c Äá»©c, káº¿t há»£p cÃ¹ng cÃ´ng thá»©c vÃ  men bia trÄƒm nÄƒm káº¿ thá»«a tá»« PhÃ¡p, vÃ  Ä‘Æ°á»£c á»§ bá»Ÿi tÃ i nÄƒng cá»§a cÃ¡c nghá»‡ nhÃ¢n náº¥u bia Viá»‡t Nam, mang láº¡i hÆ°Æ¡ng bia ná»“ng nÃ n vÃ  vá»‹ bia Ä‘áº·c trÆ°ng. Mua bia 333 Ä‘á»ƒ tráº£i nghiá»‡m vá»‹ bia â€œÄ‘á»™c nháº¥t vÃ´ nhá»‹"" ngay anh em nhÃ©! ğŸ» #333Beer #3TinhHoaViDamChat #VangDanhHuyenThoai * NgÆ°á»i dÆ°á»›i 18 tuá»•i khÃ´ng Ä‘Æ°á»£c uá»‘ng rÆ°á»£u bia
* ÄÃ£ uá»‘ng rÆ°á»£u bia - KhÃ´ng lÃ¡i xe",ğŸ»,"['#333Beer', '#3TinhHoaViDamChat', '#VangDanhHuyenThoai']"
2024-05-24 20:52:00,683,"ThÃ­ch, YÃªu thÃ­ch vÃ  Haha",17,"Vá»Š Äáº¬M CHáº¤T VÃ€ Äáº¶C TRÆ¯NG Cá»  NÃ€Y CHá»ˆ CÃ“ THá»‚ LÃ€ BIA 333 HUYá»€N THOáº I! ğŸ» Nháº¯c Ä‘áº¿n vá»‹ bia Ä‘áº·c trÆ°ng, Ä‘áº­m cháº¥t vá»›i hÆ°Æ¡ng bia ná»“ng nÃ n chÃ­nh lÃ  nÃ³i Ä‘áº¿n Bia 333! LÃ  sá»± káº¿t há»£p hoÃ n háº£o cá»§a 3 tinh hoa: hoa bia Äá»©c, cÃ´ng thá»©c PhÃ¡p vÃ  tÃ i nÄƒng Viá»‡t, Bia 333 lÃ m say lÃ²ng cÃ¡c tÃ­n Ä‘á»“ â€œsÃ nh bia"" báº±ng vá»‹ Ä‘áº­m cháº¥t cá»§a mÃ¬nh ngay tá»« láº§n Ä‘áº§u tiÃªn nháº¥p thá»­. Anh em Ä‘áº¿n ngay siÃªu thá»‹ hoáº·c cá»­a hÃ ng táº¡p hoÃ¡ gáº§n nháº¥t Ä‘á»ƒ mua 333 vÃ  tráº£i nghiá»‡m hÆ°Æ¡ng vá»‹ Ä‘áº·c trÆ°ng mÃ  khÃ³ cÃ³ loáº¡i bia nÃ o cÃ³ Ä‘Æ°á»£c nhÃ©! ğŸ» #333Beer #3TinhHoaViDamChat #VangDanhHuyenThoai * NgÆ°á»i dÆ°á»›i 18 tuá»•i khÃ´ng Ä‘Æ°á»£c uá»‘ng rÆ°á»£u bia.
* ÄÃ£ uá»‘ng rÆ°á»£u bia - KhÃ´ng lÃ¡i xe",ğŸ»ğŸ»,"['#333Beer', '#3TinhHoaViDamChat', '#VangDanhHuyenThoai']"
2024-05-17 20:00:00,749,"ThÃ­ch, YÃªu thÃ­ch vÃ  ThÆ°Æ¡ng thÆ°Æ¡ng",12,"3 TINH HOA, Vá»Š Äáº¬M CHáº¤T - VANG DANH HUYá»€N THOáº I Tá»± hÃ o lÃ  thÆ°Æ¡ng hiá»‡u bia cÃ³ máº·t táº¡i Viá»‡t Nam gáº§n 150 nÄƒm, Bia 333 váº«n luÃ´n khÃ´ng ngá»«ng káº¿ thá»«a vÃ  gÃ¬n giá»¯ vá»‹ bia Ä‘áº·c trÆ°ng cá»§a mÃ¬nh theo nÄƒm thÃ¡ng. Vá»›i nguyÃªn liá»‡u thÆ°á»£ng háº¡ng lÃ  hoa bia Hallertau tá»« Äá»©c, dá»±a trÃªn cÃ´ng thá»©c trÄƒm nÄƒm cá»§a PhÃ¡p, cÃ¹ng tÃ i nÄƒng náº¥u bia tuyá»‡t háº£o cá»§a cÃ¡c nghá»‡ nhÃ¢n Viá»‡t, táº¥t cáº£ Ä‘Ã£ táº¡o nÃªn vá»‹ bia 333 Ä‘áº­m cháº¥t, khÃ¡c biá»‡t mÃ  khÃ³ cÃ³ loáº¡i bia nÃ o cÃ³ thá»ƒ sÃ¡nh Ä‘Æ°á»£c. Báº¡n Ä‘Ã£ vÃ  Ä‘ang lÃ  fan cá»§a bia 333? Hay Ä‘ang tÃ² mÃ² vá» vá»‹ bia Ä‘áº­m cháº¥t, khÃ¡c biá»‡t nÃ y? CÃ¹ng thá»­ ngay bia 333 vÃ  chia sáº» cáº£m nháº­n cá»§a mÃ¬nh nhÃ©. #333Beer #3TinhHoaViDamChat #VangDanhHuyenThoai * NgÆ°á»i dÆ°á»›i 18 tuá»•i khÃ´ng Ä‘Æ°á»£c uá»‘ng rÆ°á»£u, bia.
* ÄÃ£ uá»‘ng rÆ°á»£u, bia - KhÃ´ng lÃ¡i xe",,"['#333Beer', '#3TinhHoaViDamChat', '#VangDanhHuyenThoai']"
2024-04-28 20:34:00,70,"ThÃ­ch, YÃªu thÃ­ch vÃ  ThÆ°Æ¡ng thÆ°Æ¡ng",4,"NÃ‚NG 333, ÄÃ“N Lá»„ Äáº¬M CHáº¤T ! Gáº§n 150 nÄƒm cho sá»± giá»¯ gÃ¬n vá»‹ bia Ä‘áº­m cháº¥t, tá»« khÃ¢u lá»±a chá»n nguyÃªn liá»‡u ká»¹ cÃ ng cÃ¹ng vá»›i cÃ´ng thá»©c PhÃ¡p vÃ  tÃ i nÄƒng náº¥u Bia cá»§a nghá»‡ nhÃ¢n Viá»‡t! Bia 333, vá»‹ bia Ä‘áº­m cháº¥t - vang danh huyá»n thoáº¡i xá»©ng Ä‘Ã¡ng lÃ  lá»±a chá»n hÃ ng Ä‘áº§u cho dá»‹p lá»… nÃ y â¤ï¸ #333Beer #3TinhHoa #ViDamChat #VangDanhHuyenThoai * NgÆ°á»i dÆ°á»›i 18 tuá»•i khÃ´ng Ä‘Æ°á»£c uá»‘ng rÆ°á»£u bia.
* ÄÃ£ uá»‘ng rÆ°á»£u bia - KhÃ´ng lÃ¡i xe",,"['#333Beer', '#3TinhHoa', '#ViDamChat', '#VangDanhHuyenThoai']"
2024-02-20 20:00:00,73,"ThÃ­ch, YÃªu thÃ­ch vÃ  Wow",42,"DANH SÃCH QUÃ KHÃCH HÃ€NG MAY Máº®N TRÃšNG THÆ¯á»NG Äá»¢T 3 Tá»ª CHÆ¯Æ NG TRÃŒNH KHUYáº¾N MÃƒI â€œ1 THáºº CÃ€O, 3 Láº¦N CÆ  Há»˜Iâ€ ChÆ°Æ¡ng trÃ¬nh khuyáº¿n mÃ£i â€œ1 tháº» cÃ o - 3 láº§n cÆ¡ há»™iâ€ chÃ­nh thá»©c káº¿t thÃºc vá»›i sá»± lá»™ diá»‡n cá»§a chá»§ nhÃ¢n chiáº¿c xe 01 Mercedes C300 cuá»‘i vÃ  20 giáº£i vÃ ng, 333 xin chÃºc má»«ng nhá»¯ng khÃ¡ch hÃ ng Ä‘Ã£ cÃ³ máº·t trong danh sÃ¡ch ğŸ‘ KhÃ©p láº¡i chÆ°Æ¡ng trÃ¬nh khuyáº¿n máº¡i nÃ y nhÆ°ng sáº½ cÃ²n ráº¥t nhiá»u chÆ°Æ¡ng trÃ¬nh khuyáº¿n máº¡i khÃ¡c Ä‘á»‰nh hÆ¡n tá»« 333 trong thá»i gian tá»›i, Ä‘á»«ng quÃªn theo dÃµi 333 Ä‘á»ƒ Ä‘Ã³n chá» nhá»¯ng báº¥t ngá» thÃº vá»‹ nhÃ©!
Chi tiáº¿t buá»•i quay thÆ°á»Ÿng Ä‘á»£t 3 xem táº¡i: https://www.facebook.com/bia333.sabeco/videos/429989566025998 #333Beer #1TheCao3LanCoHoi #QuaTetDamDaTinhThanSauSac * NgÆ°á»i dÆ°á»›i 18 tuá»•i khÃ´ng Ä‘Æ°á»£c uá»‘ng rÆ°á»£u bia.
* ÄÃ£ uá»‘ng rÆ°á»£u bia - KhÃ´ng lÃ¡i xe",ğŸ‘,"['#333Beer', '#1TheCao3LanCoHoi', '#QuaTetDamDaTinhThanSauSac']"
2024-02-13 20:00:00,51,"ThÃ­ch, YÃªu thÃ­ch vÃ  Haha",72,"VALENTINE - MÆ¯á»¢N â€œBIAâ€ Tá» TÃŒNH CÃ™NG 333 Lá»… tÃ¬nh nhÃ¢n nÃ y, mÆ°á»£n chÃºt Bia 333 tÄƒng dÅ©ng khÃ­ Ä‘á»ƒ ngá» lá»i vá»›i ná»­a yÃªu thÆ°Æ¡ng thÃ´i! ChÃºt men say biáº¿t Ä‘Ã¢u láº¡i Ä‘áº¯p xÃ¢y nÃªn tÃ¬nh ná»“ng, chÃºc cáº£ nhÃ  mÃ¬nh sá»›m thÃ nh cÃ´ng Ä‘Ã³n Valentine bÃªn cáº¡nh ai Ä‘Ã³ cá»§a mÃ¬nh nhÃ© ğŸ» #333Beer #3TinhHoaViTuyetHao #TripleExcellence * NgÆ°á»i dÆ°á»›i 18 tuá»•i khÃ´ng Ä‘Æ°á»£c uá»‘ng rÆ°á»£u bia.
* ÄÃ£ uá»‘ng rÆ°á»£u bia - KhÃ´ng lÃ¡i xe",ğŸ»,"['#333Beer', '#3TinhHoaViTuyetHao', '#TripleExcellence']"
2024-02-09 20:00:00,73,"ThÃ­ch, YÃªu thÃ­ch vÃ  ThÆ°Æ¡ng thÆ°Æ¡ng",6,"TRAO 333, KHAI XUÃ‚N Äáº¬M ÄÃ€! Má»Ÿ bÃ¡t nÄƒm má»›i khi gá»­i trao mÃ³n quÃ  333 Ä‘áº­m Ä‘Ã  vá»›i bao tÃ¢m Ã½ Ä‘áº¿n ngÆ°á»i mÃ¬nh trÃ¢n quÃ½! 2024, cÃ¹ng nhau Ä‘Ã³n chÃ o nÄƒm má»›i Ä‘áº¿n mong cáº§u váº¡n sá»± hanh thÃ´ng, Ä‘Ã³n Ä‘áº§u má»i thÃ nh cÃ´ng ğŸ‘ #333Beer #QuaTetDamDaTinhThanSauSac * NgÆ°á»i dÆ°á»›i 18 tuá»•i khÃ´ng Ä‘Æ°á»£c uá»‘ng rÆ°á»£u bia.
* ÄÃ£ uá»‘ng rÆ°á»£u bia - KhÃ´ng lÃ¡i xe",ğŸ‘,"['#333Beer', '#QuaTetDamDaTinhThanSauSac']"
2024-02-04 16:50:00,148,"ThÃ­ch, YÃªu thÃ­ch vÃ  Haha",88,"CHá»ˆ CÃ’N DUY NHáº¤T 01 MERCEDES C300 AMG ÄANG TÃŒM KIáº¾M CHá»¦ NHÃ‚N RÆ¯á»šC Vá»€ Táº¾T NÃ€Y!
Láº§n quay sá»‘ cuá»‘i cho chÆ°Æ¡ng trÃ¬nh khuyáº¿n mÃ£i â€œ1 tháº» cÃ o - 3 láº§n cÆ¡ há»™iâ€ sáº¯p sá»­a diá»…n ra vá»›i nhá»¯ng giáº£i thÆ°á»Ÿng Ä‘áº­m Ä‘Ã  cÃ²n láº¡i:
ğŸ‘‰ 01 Mercedes C300 AMG
ğŸ‘‰ 20 giáº£i vÃ ng (má»—i giáº£i 5 chá»‰)
ğŸ“Œ Chi tiáº¿t thá»ƒ lá»‡ xem táº¡i: http://bia333.vn #333Beer #1TheCao3LanCoHoi
#QuaTetDamDaTinhThanSauSac * NgÆ°á»i dÆ°á»›i 18 tuá»•i khÃ´ng Ä‘Æ°á»£c uá»‘ng rÆ°á»£u bia.
* ÄÃ£ uá»‘ng rÆ°á»£u bia - KhÃ´ng lÃ¡i xe",ğŸ‘‰ğŸ‘‰ğŸ“Œ,"['#333Beer', '#1TheCao3LanCoHoi', '#QuaTetDamDaTinhThanSauSac']"
2024-01-27 20:00:00,4386,"ThÃ­ch, YÃªu thÃ­ch vÃ  ThÆ°Æ¡ng thÆ°Æ¡ng",156,"CHá»ˆ CÃ’N DUY NHáº¤T 01 MERCEDES C300 AMG ÄANG TÃŒM KIáº¾M CHá»¦ NHÃ‚N RÆ¯á»šC Vá»€ Táº¾T NÃ€Y! Láº§n quay sá»‘ cuá»‘i cho chÆ°Æ¡ng trÃ¬nh khuyáº¿n mÃ£i â€œ1 tháº» cÃ o - 3 láº§n cÆ¡ há»™iâ€ sáº¯p sá»­a diá»…n ra vá»›i nhá»¯ng giáº£i thÆ°á»Ÿng Ä‘áº­m Ä‘Ã  cÃ²n láº¡i:
ğŸ‘‰ 01 Mercedes C300 AMG
ğŸ‘‰ 20 giáº£i vÃ ng (má»—i giáº£i 5 chá»‰) Báº¡n nÃ o Ä‘Ã£ bá» lá»¡ cÆ¡ há»™i á»Ÿ nhá»¯ng láº§n trÆ°á»›c thÃ¬ váº«n cÃ²n cÆ¡ há»™i láº§n nÃ y Ä‘á»ƒ há»‘t cÃº chÃ³t, mua thÃ¹ng 333 sÄƒn giáº£i ngay nhÃ©! ğŸ“Œ Chi tiáº¿t thá»ƒ lá»‡ xem táº¡i: http://bia333.vn Äá»«ng quÃªn cÃ³ máº·t Ä‘Ã³n chá» nhá»¯ng ngÆ°á»i may máº¯n á»Ÿ phÃ­a cuá»‘i cuá»™c chÆ¡i táº¡i buá»•i quay sá»‘ á»Ÿ Big C Háº£i PhÃ²ng vÃ o 17h ngÃ y 04/02/2024! #333Beer #1TheCao3LanCoHoi #QuaTetDamDaTinhThanSauSac * NgÆ°á»i dÆ°á»›i 18 tuá»•i khÃ´ng Ä‘Æ°á»£c uá»‘ng rÆ°á»£u bia.
* ÄÃ£ uá»‘ng rÆ°á»£u bia - KhÃ´ng lÃ¡i xe",ğŸ‘‰ğŸ‘‰ğŸ“Œ,"['#333Beer', '#1TheCao3LanCoHoi', '#QuaTetDamDaTinhThanSauSac']"
2024-01-24 20:00:00,6544,"ThÃ­ch, YÃªu thÃ­ch vÃ  Wow",244,"CHá»ˆ CÃ’N 2 TUáº¦N Äá»‚ SÄ‚N QUÃ€ Táº¾T Äáº¬M ÄÃ€ CÃ™NG KHUYáº¾N MÃƒI â€œ1 THáºº CÃ€O - 3 Láº¦N CÆ  Há»˜Iâ€ Cuá»™c vui nÃ o rá»“i cÅ©ng Ä‘áº¿n há»“i káº¿t, sau gáº§n 3 thÃ¡ng diá»…n ra thÃ¬ chÆ°Æ¡ng trÃ¬nh khuyáº¿n mÃ£i â€œ1 tháº» cÃ o - 3 láº§n cÆ¡ há»™iâ€ sáº½ chÃ­nh thá»©c káº¿t thÃºc vÃ o ngÃ y 04/02/2024! Tranh thá»§ 2 tuáº§n cuá»‘i cá»§a chÆ°Æ¡ng trÃ¬nh khuyáº¿n mÃ£i mua thÃ¹ng 333 ngÃ y, biáº¿t Ä‘Ã¢u Ä‘áº¿n há»“i káº¿t láº¡i may máº¯n trá»Ÿ thÃ nh chá»§ nhÃ¢n cá»§a nhá»¯ng pháº§n quÃ  Ä‘áº­m Ä‘Ã  cÃ²n láº¡i thÃ¬ sao? ğŸ‘ Äá»«ng quÃªn lÆ°u láº¡i thÃ´ng tin buá»•i quay sá»‘ thá»© 3 Ä‘á»ƒ Ä‘áº¿n háº¹n láº¡i cÃ³ máº·t xem mÃ¬nh cÃ³ pháº£i lÃ  nhá»¯ng ngÆ°á»i Ä‘Æ°á»£c gá»i tÃªn cuá»‘i cÃ¹ng khÃ´ng nhÃ©:
â° Thá»i gian: 17h ngÃ y 04/02/2024
ğŸ“ Äá»‹a Ä‘iá»ƒm: Big C Háº£i PhÃ²ng ğŸ“Œ Chi tiáº¿t thá»ƒ lá»‡ xem táº¡i: http://bia333.vn #333Beer #1TheCao3LanCoHoi #QuaTetDamDaTinhThanSauSac * NgÆ°á»i dÆ°á»›i 18 tuá»•i khÃ´ng Ä‘Æ°á»£c uá»‘ng rÆ°á»£u bia.
* ÄÃ£ uá»‘ng rÆ°á»£u bia - KhÃ´ng lÃ¡i xe",ğŸ‘ğŸ“ğŸ“Œ,"['#333Beer', '#1TheCao3LanCoHoi', '#QuaTetDamDaTinhThanSauSac']"
2024-01-23 10:40:00,154,"ThÃ­ch, YÃªu thÃ­ch vÃ  Buá»“n",13,"[Káº¾T QUáº¢ MINIGAME] CHÃšC Má»ªNG NHá»®NG KHÃCH HÃ€NG MAY Máº®N NHáº¬N QUÃ€ NÄ‚M Má»šI CÃ™NG 333! Minigame Ä‘Ã£ chÃ­nh thá»©c káº¿t thÃºc vá»›i ráº¥t nhiá»u lÆ°á»£t bÃ¬nh luáº­n vÃ  chia sáº» thá»­ váº­n may, nháº­n lá»™c Táº¿t Ä‘Ã¡ng kinh ngáº¡c! ğŸ» 333 xin chÃºc má»«ng nhá»¯ng báº¡n sau Ä‘Ã£ may máº¯n thÃ nh cÃ´ng thá»­ váº­n Ä‘áº§u nÄƒm nháº­n vá» quÃ  xá»‹n. Nhá»¯ng vá»‹ khÃ¡ch hÃ ng trÃºng giáº£i vui lÃ²ng liÃªn há»‡ vá» fanpage 333 Beer Ä‘áº¿n háº¿t ngÃ y 31/1/2023 Ä‘á»ƒ cung cáº¥p thÃ´ng tin nháº­n thÆ°á»Ÿng nhÃ©! #333Beer #QuaTetDamDaTinhThanSauSac",ğŸ»,"['#333Beer', '#QuaTetDamDaTinhThanSauSac']"
2024-01-20 14:05:00,89,"ThÃ­ch, YÃªu thÃ­ch vÃ  Pháº«n ná»™",2,"HÃ‰ Lá»˜ NHá»®NG CHá»¦ NHÃ‚N MAY Máº®N TIáº¾P THEO Cá»¦A CHÆ¯Æ NG TRÃŒNH KHUYáº¾N MÃƒI! HÃ¬nh áº£nh ná»¥ cÆ°á»i tÆ°Æ¡i táº¯n tá»« nhá»¯ng anh/chá»‹/em may máº¯n sÄƒn vá» tay giáº£i thÆ°á»Ÿng khá»§ng tá»« khuyáº¿n mÃ£i â€œ1 tháº» cÃ o - 3 láº§n cÆ¡ há»™iâ€ Ä‘Ã£ Ä‘Æ°á»£c 333 ghi láº¡i! 333 xin Ä‘Æ°á»£c chÃºc má»«ng:
ğŸ‰ Chá»§ nhÃ¢n chiáº¿c Mercedes-Benz C300 AMG: Nguyá»…n Song ThÃº_B0100066
ğŸ‰ Chá»§ nhÃ¢n 15 giáº£i vÃ ng (5 chá»‰ vÃ ng/má»—i giáº£i): Nguyá»…n Thá»‹ Thá»§y, QuÃ¡ch Thá»‹ Din, Tráº§n Thá»‹ MÃ´n, Nguyá»…n VÄƒn HÃ¹ng, Äinh Thá»‹ TÃ¡m, VÅ© VÄƒn Nam, Nguyá»…n Thá»‹ Nguyá»‡t, Vi Thá»‹ ThÃºy Äiá»‡p, Nguyá»…n Thá»‹ ThÃºy, Phan ChÃ­ ThÃ¢n, Pháº¡m ThÃ¹y Linh, Nguyá»…n ÄÃ¬nh Hoan, NgÃ´ BÃ¡ Thá», 086****904, 096****723. Váº«n cÃ²n Ä‘á»£t quay sá»‘ cuá»‘i cÃ¹ng vÃ o ngÃ y 04/02/2024 vá»›i 01 chiáº¿c siÃªu xe Mercedes vÃ  20 giáº£i vÃ ng Ä‘ang tÃ¬m kiáº¿m nhá»¯ng chá»§ nhÃ¢n cÃ²n láº¡i! Mua 333 Ä‘á»ƒ sÄƒn cÆ¡ há»™i trá»Ÿ thÃ nh ngÆ°á»i trÃºng giáº£i tiáº¿p theo ngay! Chi tiáº¿t buá»•i quay thÆ°á»Ÿng Ä‘á»£t 2 xem táº¡i: https://www.facebook.com/bia333.sabeco/videos/346645798125988 ChÆ°Æ¡ng trÃ¬nh khuyáº¿n mÃ£i Táº¿t â€œ1 tháº» cÃ o - 3 láº§n cÆ¡ há»™iâ€ váº«n cÃ²n diá»…n ra á»Ÿ cÃ¡c khu vá»±c miá»n Báº¯c Ä‘áº¿n háº¿t ngÃ y 03.02.2024. Chi tiáº¿t thá»ƒ lá»‡ xem táº¡i: http://bia333.vn #333Beer #1TheCao3LanCoHoi #QuaTetDamDaTinhThanSauSac * NgÆ°á»i dÆ°á»›i 18 tuá»•i khÃ´ng Ä‘Æ°á»£c uá»‘ng rÆ°á»£u bia.
* ÄÃ£ uá»‘ng rÆ°á»£u bia - KhÃ´ng lÃ¡i xe",ğŸ‰ğŸ‰,"['#333Beer', '#1TheCao3LanCoHoi', '#QuaTetDamDaTinhThanSauSac']"
2024-01-12 20:00:00,107,"ThÃ­ch, YÃªu thÃ­ch vÃ  Haha",8,"DANH SÃCH QUÃ KHÃCH HÃ€NG MAY Máº®N TRÃšNG THÆ¯á»NG Äá»¢T 2 Tá»ª CHÆ¯Æ NG TRÃŒNH KHUYáº¾N MÃƒI â€œ1 THáºº CÃ€O, 3 Láº¦N CÆ  Há»˜Iâ€ Äá»£t quay thÆ°á»Ÿng láº§n 2 Ä‘Ã£ diá»…n ra táº¡i Vincom Times City vá»«a qua, 333 xin Ä‘Æ°á»£c chÃºc má»«ng nhá»¯ng cÃ¡i tÃªn sá»Ÿ há»¯u cÃ¡c mÃ£ thÆ°á»Ÿng sau Ä‘Ã¢y Ä‘Ã£ may máº¯n sÄƒn Ä‘Æ°á»£c siÃªu xe Mercedes vÃ  15 giáº£i vÃ ng tiáº¿p theoğŸ‘ Váº«n cÃ²n Ä‘á»£t quay sá»‘ cuá»‘i cÃ¹ng vÃ o ngÃ y 04/02/2024 vá»›i 01 chiáº¿c siÃªu xe Mercedes vÃ  20 giáº£i vÃ ng Ä‘ang tÃ¬m kiáº¿m nhá»¯ng chá»§ nhÃ¢n cÃ²n láº¡i! Mua 333 Ä‘á»ƒ sÄƒn cÆ¡ há»™i trá»Ÿ thÃ nh ngÆ°á»i trÃºng giáº£i tiáº¿p theo ngay! Chi tiáº¿t buá»•i quay thÆ°á»Ÿng Ä‘á»£t 2 xem táº¡i: https://www.facebook.com/bia333.sabeco/videos/346645798125988 ChÆ°Æ¡ng trÃ¬nh khuyáº¿n mÃ£i Táº¿t â€œ1 tháº» cÃ o - 3 láº§n cÆ¡ há»™iâ€ váº«n cÃ²n diá»…n ra á»Ÿ cÃ¡c khu vá»±c miá»n Báº¯c Ä‘áº¿n háº¿t ngÃ y 03.02.2024. Chi tiáº¿t thá»ƒ lá»‡ xem táº¡i: http://bia333.vn #333Beer #1TheCao3LanCoHoi #QuaTetDamDaTinhThanSauSac * NgÆ°á»i dÆ°á»›i 18 tuá»•i khÃ´ng Ä‘Æ°á»£c uá»‘ng rÆ°á»£u bia.
* ÄÃ£ uá»‘ng rÆ°á»£u bia - KhÃ´ng lÃ¡i xe",ğŸ‘,"['#333Beer', '#1TheCao3LanCoHoi', '#QuaTetDamDaTinhThanSauSac']"
2024-01-05 20:00:00,9654,"ThÃ­ch, YÃªu thÃ­ch vÃ  ThÆ°Æ¡ng thÆ°Æ¡ng",5005,"COMMENT LIá»€N TAY, NHáº¬N QUÃ€ NÄ‚M Má»šI! Äáº§u nÄƒm thá»­ váº­n may cÃ¹ng minigame Ä‘áº¿n tá»« 333 ngay! Táº·ng 3 vali sÃ nh Ä‘iá»‡u vÃ  10 Ã¡o thun xá»‹n sÃ² khi tham gia chá»‰ vá»›i 2 bÆ°á»›c Ä‘Æ¡n giáº£n:
ğŸ‘‰ BÆ°á»›c 1: Comment bÃªn dÆ°á»›i con sá»‘ may máº¯n tá»« 0-999 & tag rá»§ rÃª 1 ngÆ°á»i báº¡n cÃ¹ng tham gia
ğŸ‘‰ BÆ°á»›c 2: Chia sáº» bÃ i Ä‘Äƒng vá»›i cháº¿ Ä‘á»™ cÃ´ng khai kÃ¨m hashtag #333Beer #QuaTetDamDaTinhThanSauSac Khai xuÃ¢n mÃ  sÄƒn Ä‘Æ°á»£c quÃ  xá»‹n vá» tay cÃ²n gÃ¬ báº±ng ná»¯a, comment tag báº¡n bÃ¨ bÃªn dÆ°á»›i Ä‘á»ƒ giÃ nh ngay cÆ¡ há»™i nháº­n lá»™c Táº¿t thÃ´i! #333Beer #QuaTetDamDaTinhThanSauSac
* NgÆ°á»i dÆ°á»›i 18 tuá»•i khÃ´ng Ä‘Æ°á»£c uá»‘ng rÆ°á»£u bia.
* ÄÃ£ uá»‘ng rÆ°á»£u bia - KhÃ´ng lÃ¡i xe",ğŸ‘‰ğŸ‘‰,"['#333Beer', '#QuaTetDamDaTinhThanSauSac', '#333Beer', '#QuaTetDamDaTinhThanSauSac']"
2023-12-31 16:50:00,151,"ThÃ­ch, YÃªu thÃ­ch vÃ  Haha",21,"ChÆ°Æ¡ng trÃ¬nh khuyáº¿n mÃ£i Táº¿t tá»« 333 chÃ­nh thá»©c khá»Ÿi Ä‘á»™ng táº¡i khu vá»±c miá»n Báº¯c vá»›i cÆ¡ cháº¿ hoÃ n toÃ n má»›i, chiÌ‰ vÆ¡Ìi 1 THEÌ‰ CAÌ€O coÌ Ä‘áº¿n 3 Láº¦N CÆ  HÃ”Ì£I truÌng giaÌ‰i cÆ°Ì£c xá»‹n ğŸ Äá»«ng quÃªn theo dÃµi livestream Ä‘á»ƒ Ä‘áº¿m ngÆ°á»£c giÃ¢y phÃºt lá»™ diá»‡n nhá»¯ng â€œgÆ°Æ¡ng máº·t vÃ ngâ€ vÃ  tham gia minigame sÄƒn nhá»¯ng pháº§n quÃ  cá»±c háº¥p dáº«n! ğŸ¤­ ChÆ°Æ¡ng trÃ¬nh khuyáº¿n mÃ£i Táº¿t â€œ1 tháº» cÃ o - 3 láº§n cÆ¡ há»™iâ€ váº«n cÃ²n diá»…n ra á»Ÿ cÃ¡c khu vá»±c miá»n Báº¯c, tham gia ngay Ä‘á»ƒ trá»Ÿ thÃ nh nhá»¯ng ngÆ°á»i giÃ nh láº¥y pháº§n thÆ°á»Ÿng trong nhá»¯ng láº§n quay tiáº¿p theo! ğŸ—“ï¸ Thá»i gian chÆ°Æ¡ng trÃ¬nh : 23/10/2023 - 03/02/2024.
ğŸ—“ï¸ Lá»‹ch quay thÆ°á»Ÿng cÃ´ng khai dá»± kiáº¿n vÃ o cÃ¡c 3 ngÃ y 26/11/2023; 31/12/2023 vÃ  04/02/2024
ğŸ“Œ Chi tiáº¿t thá»ƒ lá»‡ xem táº¡i: http://bia333.vn #333Beer #1TheCao3LanCoHoi #QuaTetDamDaTinhThanSauSac * NgÆ°á»i dÆ°á»›i 18 tuá»•i khÃ´ng Ä‘Æ°á»£c uá»‘ng rÆ°á»£u bia.
* ÄÃ£ uá»‘ng rÆ°á»£u bia - KhÃ´ng lÃ¡i xe",ğŸğŸ¤­ğŸ—“ğŸ—“ğŸ“Œ,"['#333Beer', '#1TheCao3LanCoHoi', '#QuaTetDamDaTinhThanSauSac']"
2023-12-30 20:00:00,101,"ThÃ­ch, YÃªu thÃ­ch vÃ  ThÆ°Æ¡ng thÆ°Æ¡ng",4,"LIVESTREAM QUAY THÆ¯á»NG Äá»¢T 2: CHÆ¯Æ NG TRÃŒNH KHUYáº¾N MÃƒI â€œ1 THáºº CÃ€O - 3 Láº¦N CÆ  Há»˜Iâ€
CHá»¦ NHÃ‚N GIáº¢I THÆ¯á»NG Lá»šN Láº¦N NÃ€Y Sáº¼ LÃ€ AI? Káº¿t nÄƒm 2023 má»™t cÃ¡ch hoÃ nh trÃ¡ng cÃ¹ng Ä‘á»£t quay thÆ°á»Ÿng láº§n 2 tá»« chÆ°Æ¡ng trÃ¬nh khuyáº¿n mÃ£i â€œ1 tháº» cÃ o - 3 láº§n cÆ¡ há»™iâ€ cá»§a 333:
â° Thá»i gian: 17h ngÃ y 31/12/2023
ğŸ“ Äá»‹a Ä‘iá»ƒm: Vincom Times City
ğŸ“ PhÃ¡t sÃ³ng trá»±c tiáº¿p: trÃªn kÃªnh Youtube vÃ  Facebook chÃ­nh thá»©c cá»§a 333 Beer Äáº·t lá»‹ch theo dÃµi Ä‘á»ƒ cÃ¹ng xem chá»§ nhÃ¢n cá»§a siÃªu xe Mercedes C300 AMG vÃ  giáº£i vÃ ng - nhá»¯ng ngÆ°á»i áº¥y lÃ  ai nhÃ©! Báº­t mÃ­ lÃ  333 sáº½ cÃ³ nhá»¯ng pháº§n quÃ  Ä‘áº·c biá»‡t cho nhá»¯ng ai tham gia quay thÆ°á»Ÿng offline. ChÆ°Æ¡ng trÃ¬nh khuyáº¿n mÃ£i Táº¿t â€œ1 tháº» cÃ o - 3 láº§n cÆ¡ há»™iâ€ váº«n cÃ²n diá»…n ra á»Ÿ cÃ¡c khu vá»±c miá»n Báº¯c Ä‘áº¿n háº¿t 03.02.2024, tham gia ngay Ä‘á»ƒ trá»Ÿ thÃ nh ngÆ°á»i may máº¯n tiáº¿p theo! ğŸ“Œ Chi tiáº¿t thá»ƒ lá»‡ xem táº¡i: http://bia333.vn #333Beer #1TheCao3LanCoHoi #QuaTetDamDaTinhThanSauSac
* NgÆ°á»i dÆ°á»›i 18 tuá»•i khÃ´ng Ä‘Æ°á»£c uá»‘ng rÆ°á»£u bia.
* ÄÃ£ uá»‘ng rÆ°á»£u bia - KhÃ´ng lÃ¡i xe",ğŸ“ğŸ“ğŸ“Œ,"['#333Beer', '#1TheCao3LanCoHoi', '#QuaTetDamDaTinhThanSauSac']"
2023-12-26 20:00:00,160,"ThÃ­ch, YÃªu thÃ­ch vÃ  ThÆ°Æ¡ng thÆ°Æ¡ng",16,"KHUYáº¾N MÃƒI â€œ1 THáºº CÃ€O - 3 Láº¦N CÆ  Há»˜Iâ€
Äá»”I THÆ¯á»NG Báº°NG 2 CÃCH, Táº¬N HÆ¯á»NG QUÃ€ Äáº¬M ÄÃ€
ğŸ’¥ ChÆ°Æ¡ng trÃ¬nh khuyáº¿n mÃ£i cÆ¡ cháº¿ má»›i â€œ1 tháº» cÃ o - 3 láº§n cÆ¡ há»™iâ€ váº«n Ä‘ang diá»…n ra á»Ÿ khu vá»±c miá»n Báº¯c vá»›i nhá»¯ng pháº§n thÆ°á»Ÿng Ä‘áº­m Ä‘Ã !
LÆ°u ngay cÃ¡ch Ä‘á»•i thÆ°á»Ÿng Ä‘á»ƒ trong trÆ°á»ng há»£p may máº¯n trá»Ÿ thÃ nh ngÆ°á»i chiáº¿n tháº¯ng sáº½ khÃ´ng pháº£i bá»¡ ngá»¡ nÃ o anh em Æ¡i ğŸ˜
Chi tiáº¿t vá» cÃ¡ch Ä‘á»•i thÆ°á»Ÿng xem trong tá»«ng áº£nh ğŸ‘‰ Mua 333 Ä‘á»ƒ sÄƒn quÃ  ngay!
ğŸ“Œ ThÃ´ng tin chi tiáº¿t vá» chÆ°Æ¡ng trÃ¬nh khuyáº¿n mÃ£i: http://bia333.vn
#333Beer #1TheCao3LanCoHoi #QuaTetDamDaTinhThanSauSac
* NgÆ°á»i dÆ°á»›i 18 tuá»•i khÃ´ng Ä‘Æ°á»£c uá»‘ng rÆ°á»£u bia.
* ÄÃ£ uá»‘ng rÆ°á»£u bia - KhÃ´ng lÃ¡i xe",ğŸ’¥ğŸ˜ğŸ‘‰ğŸ“Œ,"['#333Beer', '#1TheCao3LanCoHoi', '#QuaTetDamDaTinhThanSauSac']"
2023-12-20 20:00:00,215,"ThÃ­ch, YÃªu thÃ­ch vÃ  ThÆ°Æ¡ng thÆ°Æ¡ng",21,"NHá»®NG CHá»¦ NHÃ‚N MAY Máº®N Äáº¦U TIÃŠN Tá»ª CHÆ¯Æ NG TRÃŒNH KHUYáº¾N MÃƒI ÄÃƒ Lá»˜ DIá»†N! Chiáº¿c siÃªu xe Mercedes-Benz C300 AMG Ä‘áº§u tiÃªn vÃ  15 giáº£i vÃ ng Ä‘Ã£ tÃ¬m tháº¥y chá»§ nhÃ¢n! 333 xin Ä‘Æ°á»£c chÃºc má»«ng:
ğŸ‰ Chá»§ nhÃ¢n chiáº¿c Mercedes-Benz C300 AMG: Pháº¡m Thá»‹ Ngá»c Ãnh, A0216901
ğŸ‰ Chá»§ nhÃ¢n 15 giáº£i vÃ ng (5 chá»‰ vÃ ng/má»—i giáº£i): Nguyá»…n Thá»‹ HoÃ ng, Nguyá»…n HoÃ ng Long, CÃ¹ Thanh HÃ¹ng, Nguyá»…n Thá»‹ KhÃ¡nh Huyá»n, Chu Thá»‹ HÆ°Æ¡ng, LÃª Thá»‹ Háº£i, DÆ°Æ¡ng Thá»‹ Há»“ng Háº¡nh, Äá»— VÄƒn Äá»©c, VÄƒn Tiáº¿n TrÆ°á»ng, Nguyá»…n VÄƒn TÃ´ng, Trá»‹nh ThÃ¹y Trang, 09****9870, 09****0974, 03****8960, 03****9460 Váº«n cÃ²n 2 siÃªu xe Mercedes-Benz C300 AMG vÃ  35 giáº£i vÃ ng Ä‘ang Ä‘á»£i chá»§ nhÃ¢n mang vá», mua bia 333 ngay Ä‘á»ƒ cÃ³ cÆ¡ há»™i trá»Ÿ thÃ nh nhá»¯ng ngÆ°á»i may máº¯n káº¿ tiáº¿p! Chi tiáº¿t buá»•i quay thÆ°á»Ÿng Ä‘á»£t 1: https://www.facebook.com/bia333.sabeco/videos/1706405646510511
ChÆ°Æ¡ng trÃ¬nh khuyáº¿n mÃ£i Táº¿t â€œ1 tháº» cÃ o - 3 láº§n cÆ¡ há»™iâ€ váº«n cÃ²n diá»…n ra á»Ÿ cÃ¡c khu vá»±c miá»n Báº¯c Ä‘áº¿n háº¿t ngÃ y 03.02.2024. Chi tiáº¿t thá»ƒ lá»‡ xem táº¡i: http://bia333.vn #333Beer #1TheCao3LanCoHoi #QuaTetDamDaTinhThanSauSac * NgÆ°á»i dÆ°á»›i 18 tuá»•i khÃ´ng Ä‘Æ°á»£c uá»‘ng rÆ°á»£u bia.
* ÄÃ£ uá»‘ng rÆ°á»£u bia - KhÃ´ng lÃ¡i xe",ğŸ‰ğŸ‰,"['#333Beer', '#1TheCao3LanCoHoi', '#QuaTetDamDaTinhThanSauSac']"
2023-12-19 20:19:00,3220,"ThÃ­ch, YÃªu thÃ­ch vÃ  ThÆ°Æ¡ng thÆ°Æ¡ng",47,"Äáº¾N VINHOMES TIMES CITY & BIG C Háº¢I PHÃ’NG CHECK-IN CÃ™NG 333, SÄ‚N NGÃ€N QUÃ€ Cá»°C ÄÃƒ! ThÃ¹ng bia 333 â€œkhá»•ng lá»“â€ vÃ  giáº£i thÆ°á»Ÿng Ä‘ÄƒÌ£c biÃªÌ£t cuÌ‰a chÆ°Æ¡ng triÌ€nh khuyÃªÌn mÃ£i â€œ1 tháº» cÃ o - 3 láº§n cÆ¡ há»™iâ€ tiáº¿p tá»¥c Ä‘á»• bá»™ táº¡i HÃ  Ná»™i cÃ¹ng ráº¥t nhiá»u pháº§n quÃ  háº¥p dáº«n cho anh em! ğŸ“ ÄiÌ£a Ä‘iÃªÌ‰m: VINHOMES TIMES CITY - Táº¦NG B1 & BIG C - Háº¢I PHÃ’NG
â° ThÆ¡Ì€i gian: tÆ°Ì€ nay Ä‘áº¿n háº¿t 31/12/2023 Chá»‰ vá»›i 2 bÆ°á»›c Ä‘Æ¡n giáº£n, nháº­n ngay quÃ  táº·ng Ä‘á»™c quyá»n táº¡i khu vá»±c cá»§a 333:
âœ… BÆ°á»›c 1: Táº¡o dÃ¡ng chá»¥p áº£nh cÃ¹ng thÃ¹ng bia 333 â€œkhá»•ng lá»“â€ & giáº£i thÆ°á»Ÿng Mercedes Ä‘áº·c biá»‡t
âœ… BÆ°á»›c 2: ÄÄƒng táº£i áº£nh lÃªn facebook Æ¡Ì‰ chÃªÌ Ä‘Ã´Ì£ cÃ´ng khai, kÃ¨m hashtag
#333Beer #1TheCao3LanCoHoi #QuaTetDamDaTinhThanSauSac Nhá»¯ng ai tham gia check-in sáº½ cÃ³ cÆ¡ há»™i nháº­n ngay 1 táº¥m hÃ¬nh instax sÃ nh Ä‘iá»‡u lÃ m ká»· niá»‡m! Äáº·c biá»‡t, cÆ¡ há»™i quay sá»‘ trÃºng bia 333, Ã¡o vÃ  ly sá»© dÃ nh cho nhá»¯ng gÆ°Æ¡ng máº·t vÃ ng trong lÃ ng may máº¯n! Nhanh chÃ¢n Ä‘ÃªÌn ngay Vinhomes Times City - HaÌ€ NÃ´Ì£i vÃ  Big C - Háº£i PhÃ²ng táº­u ngay cho mÃ¬nh bá»™ áº£nh Ä‘á»ƒ khÃ´ng bá» lá»¡ cÆ¡ há»™i trÃºng quÃ  xá»‹n tá»« 333! Äá»«ng quÃªn liveshow tá»‘i thá»© 7 vÃ  chá»§ nháº­t hÃ ng tuáº§n tá»« 19h00 Ä‘áº¿n 20h30. ğŸ“Œ LÆ°u Ã½: Pháº§n quÃ  khi tham gia minigame sáº½ Ä‘Æ°á»£c trao trá»±c tiáº¿p ngay táº¡i khu vá»±c Ä‘áº·t 333, liÃªn há»‡ nhÃ¢n viÃªn táº¡i Ä‘áº¥y Ä‘á»ƒ nháº­n hÆ°á»›ng dáº«n cá»¥ thá»ƒ.
ğŸ“Œ ThÃ´ng tin chi tiáº¿t vá» chÆ°Æ¡ng trÃ¬nh khuyáº¿n mÃ£i: http://bia333.vn #333Beer #1TheCao3LanCoHoi #QuaTetDamDaTinhThanSauSac
* NgÆ°á»i dÆ°á»›i 18 tuá»•i khÃ´ng Ä‘Æ°á»£c uá»‘ng rÆ°á»£u bia.
* ÄÃ£ uá»‘ng rÆ°á»£u bia - KhÃ´ng lÃ¡i xe",ğŸ“ğŸ“ŒğŸ“Œ,"['#333Beer', '#1TheCao3LanCoHoi', '#QuaTetDamDaTinhThanSauSac', '#333Beer', '#1TheCao3LanCoHoi', '#QuaTetDamDaTinhThanSauSac']"
2023-12-17 20:00:00,113,"ThÃ­ch, Buá»“n vÃ  YÃªu thÃ­ch",6,"[Káº¾T QUáº¢ MINIGAME] FLEX Sá» NÄ‚M TÃŒNH THÃ‚N - NHáº¬N QUÃ€ Táº¾T Äáº¬M ÄÃ€
CHÃšC Má»ªNG NHá»®NG TÃŒNH THÃ‚N SÃ‚U Sáº®C LUÃ”N Vá»®NG VÃ€NG QUA NHIá»€U NÄ‚M! Minigame â€œFlex sá»‘ nÄƒm tÃ¬nh thÃ¢n - Nháº­n quÃ  Táº¿t Ä‘áº­m Ä‘Ã â€ Ä‘Ã£ chÃ­nh thá»©c káº¿t thÃºc vá»›i ráº¥t nhiá»u lÆ°á»£t bÃ¬nh luáº­n chia sáº» vá» tÃ¬nh thÃ¢n gáº¯n káº¿t vá»›i sá»‘ nÄƒm Ä‘Ã¡ng kinh ngáº¡c! ğŸ» 333 xin chÃºc má»«ng nhá»¯ng báº¡n sau Ä‘Ã£ may máº¯n Ä‘Ã£ thÃ nh cÃ´ng flex sá»‘ nÄƒm tÃ¬nh thÃ¢n Ä‘á»ƒ nháº­n vá» quÃ  xá»‹n. Nhá»¯ng vá»‹ khÃ¡ch hÃ ng trÃºng giáº£i vui lÃ²ng liÃªn há»‡ vá» fanpage 333 Beer Ä‘áº¿n háº¿t ngÃ y 31/12/2023 Ä‘á»ƒ cung cáº¥p thÃ´ng tin nháº­n thÆ°á»Ÿng nhÃ©! Hy vá»ng tÃ¬nh thÃ¢n sÃ¢u sáº¯c cá»§a má»i ngÆ°á»i luÃ´n mÃ£i kÃ©o dÃ i vÃ  gáº¯n káº¿t, cÃ¹ng nhau Ä‘Ã³n nhiá»u hÆ¡n ná»¯a nhá»¯ng cÃ¡i Táº¿t Ä‘áº­m Ä‘Ã  bÃªn nhau! #333Beer #1TheCao3LanCoHoi #QuaTetDamDaTinhThanSauSac",ğŸ»,"['#333Beer', '#1TheCao3LanCoHoi', '#QuaTetDamDaTinhThanSauSac']"
2023-12-07 20:00:00,5417,"ThÃ­ch, YÃªu thÃ­ch vÃ  ThÆ°Æ¡ng thÆ°Æ¡ng",2178,"MINIGAME: FLEX TÃŒNH THÃ‚N, NHáº¬N QUÃ€ Äáº¬M ÄÃ€ Tá»ª 333 ÄÃ£ bao lÃ¢u rá»“i báº¡n chÆ°a nhÃ¬n láº¡i má»‘i quan há»‡ gáº¯n bÃ³ lÃ¢u nháº¥t vá»›i mÃ¬nh? NgÆ°á»i ngá»“i káº¿ báº¡n nÄƒm cáº¥p ba, anh báº¡n Ä‘á»“ng nghiá»‡p cÅ© lÃ m chung tá»« lÃºc má»›i ra trÆ°á»ng, Ä‘á»‘i tÃ¡c trung thÃ nh tá»« khi thÃ nh láº­p cÃ´ng ty, hay Ä‘Æ¡n giáº£n lÃ  tÃ¬nh cáº£m gia Ä‘Ã¬nh sÃ¢u sáº¯c máº¥y mÆ°Æ¡i nÄƒm váº«n má»™t tÃ¬nh yÃªuâ€¦! CÃ¹ng 333 nhÃ¬n láº¡i sá»‘ nÄƒm gáº¯n bÃ³ cÃ¹ng nhá»¯ng ngÆ°á»i thÃ¢n thiáº¿t cÃ³ thá»ƒ khiáº¿n chÃºng ta pháº£i báº¥t ngá». Má»‘i quan há»‡ lÃ¢u nháº¥t cá»§a má»i ngÆ°á»i Ä‘Ã£ kÃ©o dÃ i bao lÃ¢u? Tranh thá»§ flexing Ä‘á»ƒ nháº­n quÃ  tá»« 333 ngay: ğŸ‘‰ BÆ°á»›c 1: Tag báº¡n bÃ¨/ngÆ°á»i thÃ¢n vÃ  khoe sá»‘ nÄƒm mÃ  cÃ¡c báº¡n gáº¯n bÃ³
ğŸ‘‰ BÆ°á»›c 2: Comment 1 con sá»‘ may máº¯n tá»« 0001-9999
VÃ­ dá»¥: @nguyenvanA 10 nÄƒm tÃ¬nh báº¡n - 1234 333 sáº½ chá»n ra 9 comment may máº¯n nháº¥t Ä‘á»ƒ gá»­i táº·ng 9 cáº·p Ã¡o thun xá»‹n xÃ² phiÃªn báº£n Ä‘áº·c biá»‡t Ä‘á»ƒ káº¿t ná»‘i tÃ¬nh thÃ¢n thÃªm sÃ¢u sáº¯c. Táº¿t nÃ y, cÃ¹ng 333 trao gá»­i yÃªu thÆ°Æ¡ng vÃ  mÃ³n quÃ  Ä‘áº­m Ä‘Ã  Ä‘áº¿n nhá»¯ng ngÆ°á»i thÃ¢n cá»§a mÃ¬nh nhÃ©. #333Beer #QuaTetDamDaTinhThanSauSac",ğŸ‘‰ğŸ‘‰,"['#333Beer', '#QuaTetDamDaTinhThanSauSac']"
2023-12-03 20:00:00,13719,"ThÃ­ch, YÃªu thÃ­ch vÃ  ThÆ°Æ¡ng thÆ°Æ¡ng",170,"333 - QUÃ€ Táº¾T Äáº¬M ÄÃ€, TÃŒNH THÃ‚N SÃ‚U Sáº®C TÃªÌt Ä‘ÃªÌn laÌ€ cÆ¡ há»™i Ä‘áº·c biá»‡t Ä‘á»ƒ thá»ƒ hiá»‡n yÃªu thÆ°Æ¡ng Ä‘áº¿n nhá»¯ng ngÆ°á»i mÃ  mÃ¬nh thÆ°Æ¡ng yÃªu báº±ng hÃ nh Ä‘á»™ng gá»­i trao mÃ³n quÃ  Táº¿t gÃ³i ghÃ©m tÃ¢m tÃ¬nh. Má»™t nÄƒm ná»¯a, hÃ£y Ä‘á»ƒ 333 Ä‘á»“ng hÃ nh cÃ¹ng báº¡n trÃªn hÃ nh trÃ¬nh nÃ y. VÆ¡Ìi thiÃªÌt kÃªÌ bao biÌ€ TÃªÌt tinh tÃªÌ, bÄƒÌt mÄƒÌt cuÌ€ng viÌ£ bia tuyÃªÌ£t haÌ‰o, bia 333 xÆ°Ìng Ä‘aÌng laÌ€ mÃ³n quÃ  Táº¿t â€œÄ‘Ã¢Ì£m Ä‘aÌ€â€ Ä‘ÃªÌ‰ baÌ£n gÆ°Ì‰i trao tiÌ€nh thÃ¢n sÃ¢u sÄƒÌc. ÄÃªÌn ngay siÃªu thiÌ£, cÆ°Ì‰a haÌ€ng gÃ¢Ì€n nhÃ¢Ìt Ä‘ÃªÌ‰ mua ngay moÌn quaÌ€ TÃªÌt â€œÄ‘Ã¢Ì£m Ä‘aÌ€â€ naÌ€y daÌ€nh tÄƒÌ£ng ngÆ°Æ¡Ì€i thÃ¢n yÃªu nheÌ.
NÃªÌu baÌ£n Æ¡Ì‰ khu vÆ°Ì£c TPHCM, coÌ thÃªÌ‰ mua online taÌ£i: https://s.lazada.vn/s.Wut3P #333Beer #QuaTetDamDaTinhThanSauSac",,"['#333Beer', '#QuaTetDamDaTinhThanSauSac']"
2023-11-29 20:00:00,142,"ThÃ­ch, YÃªu thÃ­ch vÃ  ThÆ°Æ¡ng thÆ°Æ¡ng",8,"ğŸ“£DANH SÃCH QUÃ KHÃCH HÃ€NG MAY Máº®N Äáº¦U TIÃŠN TRÃšNG THÆ¯á»NG Äá»¢T 1 - CHÆ¯Æ NG TRÃŒNH KHUYáº¾N Máº I â€œ1 THáºº CÃ€O, 3 Láº¦N CÆ  Há»˜Iâ€ Sau hÆ¡n 1 thÃ¡ng diá»…n ra chÆ°Æ¡ng trÃ¬nh khuyáº¿n máº¡i táº¡i khu vá»±c miá»n Báº¯c, siÃªu giáº£i thÆ°á»Ÿng xe Mercedes Benz C300 AMG Ä‘áº§u tiÃªn vÃ  15 giáº£i vÃ ng Ä‘Ã£ tÃ¬m tháº¥y chá»§ nhÃ¢n! 333 xin Ä‘Æ°á»£c chÃºc má»«ng nhá»¯ng khÃ¡ch hÃ ng may máº¯n Ä‘Ã£ sÄƒn Ä‘Æ°á»£c quÃ  Táº¿t Ä‘áº­m Ä‘Ã  tá»« bia 333ğŸ‰. Váº«n cÃ²n 2 giáº£i Ä‘áº·c biá»‡t xe Mercedes C300 vÃ  35 giáº£i vÃ ng Ä‘ang Ä‘á»£i báº¡n, mua bia 333 ngay Ä‘á»ƒ cÃ³ cÆ¡ há»™i trá»Ÿ thÃ nh nhá»¯ng ngÆ°á»i may máº¯n káº¿ tiáº¿p nhÃ©. ChÆ°Æ¡ng trÃ¬nh khuyáº¿n máº¡i Táº¿t â€œ1 tháº» cÃ o - 3 láº§n cÆ¡ há»™iâ€ váº«n cÃ²n diá»…n ra á»Ÿ cÃ¡c khu vá»±c miá»n Báº¯c Ä‘áº¿n háº¿t ngÃ y 03.02.2024.
Chi tiáº¿t thá»ƒ lá»‡ xem táº¡i: http://bia333.vn #333Beer #1TheCao3LanCoHoi #QuaTetDamDaTinhThanSauSac",ğŸ“£ğŸ‰,"['#333Beer', '#1TheCao3LanCoHoi', '#QuaTetDamDaTinhThanSauSac']"
2023-11-26 16:50:00,681,"ThÃ­ch, YÃªu thÃ­ch vÃ  ThÆ°Æ¡ng thÆ°Æ¡ng",8825,"LIVESTREAM QUAY Sá» Äá»¢T 1: KHUYáº¾N MÃƒI Táº¾T â€œ1 THáºº CÃ€O - 3 Láº¦N CÆ  Há»˜Iâ€
CHá»¦ NHÃ‚N NHá»®NG GIáº¢I THÆ¯á»NG Lá»šN Sáº¼ Gá»ŒI TÃŠN AI? ğŸ”¥ Chá»‰ cÃ²n chÆ°a Ä‘áº§y 1 tiáº¿ng ná»¯a, chá»§ nhÃ¢n cá»§a chiáº¿c siÃªu xe Mercedes Benz C300 AMG vÃ  15 giáº£i vÃ ng Ä‘áº§u tiÃªn sáº½ chÃ­nh thá»©c Ä‘Æ°á»£c hÃ© lá»™! TrÆ°á»›c Ä‘Ã³, cÃ¹ng khá»Ÿi Ä‘á»™ng nháº¹ cÃ¹ng QuÃ¢n AP vá»›i nhá»¯ng pháº§n trÃ¬nh diá»…n Ä‘áº·c biá»‡t! ğŸ Äá»«ng quÃªn theo dÃµi livestream Ä‘á»ƒ Ä‘áº¿m ngÆ°á»£c giÃ¢y phÃºt lá»™ diá»‡n nhá»¯ng â€œgÆ°Æ¡ng máº·t vÃ ngâ€ vÃ  tham gia minigame sÄƒn nhá»¯ng pháº§n quÃ  cá»±c háº¥p dáº«n! ğŸ¤­ ChÆ°Æ¡ng trÃ¬nh khuyáº¿n mÃ£i Táº¿t â€œ1 tháº» cÃ o - 3 láº§n cÆ¡ há»™iâ€ váº«n cÃ²n diá»…n ra á»Ÿ cÃ¡c khu vá»±c miá»n Báº¯c, tham gia ngay Ä‘á»ƒ trá»Ÿ thÃ nh nhá»¯ng ngÆ°á»i giÃ nh láº¥y pháº§n thÆ°á»Ÿng trong nhá»¯ng láº§n quay tiáº¿p theo! ğŸ—“ï¸ Thá»i gian chÆ°Æ¡ng trÃ¬nh : 23/10/2023 - 03/02/2024.
ğŸ—“ï¸ Lá»‹ch quay thÆ°á»Ÿng cÃ´ng khai dá»± kiáº¿n vÃ o cÃ¡c 3 ngÃ y 26/11/2023; 31/12/2023 vÃ  04/02/2024
ğŸ“Œ Chi tiáº¿t thá»ƒ lá»‡ xem táº¡i: http://bia333.vn #333Beer #1TheCao3LanCoHoi #QuaTetDamDaTinhThanSauSac * NgÆ°á»i dÆ°á»›i 18 tuá»•i khÃ´ng Ä‘Æ°á»£c uá»‘ng rÆ°á»£u bia.
* ÄÃ£ uá»‘ng rÆ°á»£u bia - KhÃ´ng lÃ¡i xe",ğŸ”¥ğŸğŸ¤­ğŸ—“ğŸ—“ğŸ“Œ,"['#333Beer', '#1TheCao3LanCoHoi', '#QuaTetDamDaTinhThanSauSac']"
2023-11-24 23:16:00,46,"ThÃ­ch, YÃªu thÃ­ch vÃ  ThÆ°Æ¡ng thÆ°Æ¡ng",2,,,
2023-11-24 23:16:00,46,"ThÃ­ch, YÃªu thÃ­ch vÃ  ThÆ°Æ¡ng thÆ°Æ¡ng",2,,,
2023-11-24 23:16:00,46,"ThÃ­ch, YÃªu thÃ­ch vÃ  ThÆ°Æ¡ng thÆ°Æ¡ng",2,,,
2023-11-24 23:16:00,46,"ThÃ­ch, YÃªu thÃ­ch vÃ  ThÆ°Æ¡ng thÆ°Æ¡ng",2,,,
2023-11-24 23:16:00,46,"ThÃ­ch, YÃªu thÃ­ch vÃ  ThÆ°Æ¡ng thÆ°Æ¡ng",2,,,
2023-11-24 23:16:00,46,"ThÃ­ch, YÃªu thÃ­ch vÃ  ThÆ°Æ¡ng thÆ°Æ¡ng",2,,,
2023-11-24 23:16:00,46,"ThÃ­ch, YÃªu thÃ­ch vÃ  ThÆ°Æ¡ng thÆ°Æ¡ng",2,,,
2023-11-21 20:05:00,133,"ThÃ­ch, YÃªu thÃ­ch vÃ  Wow",14,"LIVESTREAM QUAY Sá» Äá»¢T 1: CHÆ¯Æ NG TRÃŒNH KHUYáº¾N MÃƒI â€œ1 THáºº CÃ€O - 3 Láº¦N CÆ  Há»˜Iâ€ Gáº¶P Gá»  CA SÄ¨ QUÃ‚N AP VÃ€ ÄÃ“N CHá»œ CHá»¦ NHÃ‚N CÃC GIáº¢I THÆ¯á»NG Lá»šN! Thá»i gian vÃ  Ä‘á»‹a Ä‘iá»ƒm rÃµ rÃ ng, lÃªn lá»‹ch thÃ´i ğŸ‘Œ. ğŸ•›Thá»i gian: 17h ngÃ y 26.11.2023 ğŸ“ Äá»‹a Ä‘iá»ƒm: Táº§ng B2 - khu R6 - VINCOM ROYAL CITY HÃ€ Ná»˜I ğŸ“ PhÃ¡t sÃ³ng trá»±c tiáº¿p: trÃªn kÃªnh Youtube vÃ  Facebook chÃ­nh thá»©c cá»§a 333 Beer Vá»›i sá»± xuáº¥t hiá»‡n cá»§a khÃ¡ch má»i Ä‘áº·c biá»‡t - ca sÄ© QuÃ¢n AP, há»©a háº¹n sáº½ Ä‘em Ä‘áº¿n mÃ n trÃ¬nh diá»…n â€œtuyá»‡t háº£oâ€ cÃ¹ng káº¿t quáº£ quay thÆ°á»Ÿng háº¥p dáº«n, minh báº¡ch vÃ  cÃ´ng khai. NgoÃ i ra, 333 cÃ²n dÃ nh táº·ng nhá»¯ng pháº§n quÃ  dÃ nh cho quÃ½ khÃ¡ch tham gia buá»•i quay thÆ°á»Ÿng offline vÃ  online. CÃ¹ng theo dÃµi Ä‘á»ƒ chá» xem chá»§ nhÃ¢n cá»§a chiáº¿c MERCEDES C300 Ä‘áº§u tiÃªn sáº½ gá»i tÃªn ai nhÃ©! Äá»«ng quÃªn chÆ°Æ¡ng trÃ¬nh khuyáº¿n mÃ£i Táº¿t â€œ1 tháº» cÃ o - 3 láº§n cÆ¡ há»™iâ€ váº«n cÃ²n diá»…n ra á»Ÿ cÃ¡c khu vá»±c miá»n Báº¯c Ä‘áº¿n háº¿t ngÃ y 03.02.2024. Chi tiáº¿t thá»ƒ lá»‡ xem táº¡i: http://bia333.vn #333Beer #1TheCao3LanCoHoi #QuaTetDamDaTinhThanSauSac",ğŸ‘ŒğŸ•›ğŸ“ğŸ“,"['#333Beer', '#1TheCao3LanCoHoi', '#QuaTetDamDaTinhThanSauSac']"
2023-11-19 18:00:00,78,"ThÃ­ch, YÃªu thÃ­ch vÃ  ThÆ°Æ¡ng thÆ°Æ¡ng",1,"ğŸ‰CÃ™NG 333 Uá»NG Má»ªNG NGÃ€Y QUá»C Táº¾ NAM GIá»šI (19/11) ğŸ’ª DÃ¹ lÃ  tuá»•i tráº» hay trÆ°á»Ÿng thÃ nh, Ä‘á»™c thÃ¢n hay Ä‘Ã£ cÃ³ gia Ä‘Ã¬nh, lá»‹ch lÃ£m hay tráº» trung, phÃ¡i máº¡nh luÃ´n lÃ  hÃ¬nh tÆ°á»£ng â€œtuyá»‡t háº£oâ€ trong má»i phiÃªn báº£n ! NhÃ¢n dá»‹p ngÃ y Ä‘áº·c biá»‡t dÃ nh riÃªng cho cÃ¡nh mÃ y rÃ¢u chÃºng ta, hÃ£y cÃ¹ng 333 vÃ  anh em báº¡n há»¯u uá»‘ng má»«ng x3 láº§n ngÃ y bÃ¬nh thÆ°á»ng nhÃ© ğŸ». KhÃ´ng chá»‰ lÃ  dá»‹p Ä‘á»ƒ uá»‘ng má»«ng vÃ  thÆ°á»Ÿng thá»©c vá»‹ bia tuyá»‡t háº£o, mÃ  anh em cÃ²n cÃ³ cÆ¡ há»™i tham gia chÆ°Æ¡ng trÃ¬nh khuyáº¿n máº¡i cá»±c hot â€œ1 tháº» cÃ o, 3 láº§n cÆ¡ há»™iâ€ Ä‘áº¿n háº¿t ngÃ y 3.2.2024, vá»›i cÃ¡c giáº£i thÆ°á»Ÿng lá»›n háº¥p dáº«n, tá»•ng giÃ¡ trá»‹ lÃªn Ä‘áº¿n 50 tá»‰ Ä‘á»“ng. Chi tiáº¿t xem thÃªm táº¡i: http://bia333.vn #333Beer #1TheCao3LanCoHoi #QuaTetDamDaTinhThanSauSac #TripleTheExcellence * NgÆ°á»i dÆ°á»›i 18 tuá»•i khÃ´ng Ä‘Æ°á»£c uá»‘ng rÆ°á»£u bia.
* ÄÃ£ uá»‘ng rÆ°á»£u bia - KhÃ´ng lÃ¡i xe",ğŸ‰ğŸ’ªğŸ»,"['#333Beer', '#1TheCao3LanCoHoi', '#QuaTetDamDaTinhThanSauSac', '#TripleTheExcellence']"
2023-11-16 12:54:00,580,"ThÃ­ch, YÃªu thÃ­ch vÃ  ThÆ°Æ¡ng thÆ°Æ¡ng",47,"HÆ¯Æ ÌNG DáºªN ÄÃ”Ì‰I THÆ¯Æ Ì‰NG - CHÆ¯Æ NG TRIÌ€NH KHUYáº¾N MAÌ£I â€œ1 THáºº CÃ€O - 3 Láº¦N CÆ  Há»˜Iâ€ Tham gia sÄƒn quÃ  Táº¿t Ä‘áº­m Ä‘Ã  cÃ¹ng 333 chá»‰ vá»›i 3 bÆ°á»›c sau:
âœ… Má»Ÿ thÃ¹ng bia 333 vaÌ€ tiÌ€m theÌ‰ caÌ€o bÃªn trong mÃ´Ìƒi thuÌ€ng
âœ… CaÌ€o vaÌ€ nhÃ¢Ì£n mÃ£ tháº» trÃªn tháº» cÃ o
âœ… Lá»±a chá»n hÃ¬nh thá»©c mÃ´Ì£t trong caÌc hiÌ€nh thÆ°Ìc Ä‘á»•i thÆ°á»Ÿng sau vÃ  nháº¯n tin vá»›i cÃº phÃ¡p tÆ°Æ¡ng á»©ng tá»•ng Ä‘Ã i 6079 ( phiÌ 1000 VND/ 1 SMS) hoáº·c Zalo chÆ°Æ¡ng trÃ¬nh Ä‘á»ƒ trÃºng ngay:
1. Tháº» card Ä‘iá»‡n thoáº¡i: Bia333 [khoáº£ng tráº¯ng] mÃ£ tháº»
2. Evoucher dÃ¹ng cho Shopee: Bia333 S [khoáº£ng tráº¯ng] mÃ£ tháº»
3. Evoucher dÃ¹ng cho Grab: Bia333 G [khoáº£ng tráº¯ng] mÃ£ tháº»
4.TiÌch Ä‘iÃªÌ‰m Ä‘ÃªÌ‰ Ä‘Ã´Ì‰i Evoucher coÌ mÃªÌ£nh giaÌ cao: Bia333 TD [khoáº£ng tráº¯ng] mÃ£ tháº» âœ… Nháº­n mÃ£ dá»± thÆ°á»Ÿng sau khi hoÃ n thÃ nh cÃº phÃ¡p Ä‘á»ƒ tham gia quay sá»‘ trÃºng Giáº£i Nháº¥t: 3 xe Mercedes Benz C300 AMG & 50 Giáº£i VÃ ng (5 chá»‰ vÃ ng/giáº£i) vÃ o cÃ¡c ngÃ y 26/11/2023 ; 31/12/2023 vÃ  4/2/2024 ğŸ—“ï¸ Thá»i gian chÆ°Æ¡ng trÃ¬nh :tÆ°Ì€ nay Ä‘ÃªÌn hÃªÌt 03/02/2024, taÌ£i khu vÆ°Ì£c miÃªÌ€n BÄƒÌc
ğŸ“Œ Chi tiáº¿t thá»ƒ lá»‡ xem táº¡i: http://bia333.vn Nhanh tay mua ngay bia 333 Ä‘ÃªÌ‰ coÌ tÃ¢Ì£n 3 CÆ  HÃ”Ì£I truÌng giaÌ‰i lÆ¡Ìn chiÌ‰ vÆ¡Ìi 1 THEÌ‰ CAÌ€O nheÌ. #333Beer #1TheCao3LanCoHoi #QuaTetDamDaTinhThanSauSac * NgÆ°á»i dÆ°á»›i 18 tuá»•i khÃ´ng Ä‘Æ°á»£c uá»‘ng rÆ°á»£u bia.
* ÄÃ£ uá»‘ng rÆ°á»£u bia - KhÃ´ng lÃ¡i xe",ğŸ—“ğŸ“Œ,"['#333Beer', '#1TheCao3LanCoHoi', '#QuaTetDamDaTinhThanSauSac']"
2023-11-12 20:00:00,1972,"ThÃ­ch, YÃªu thÃ­ch vÃ  Haha",87,"ğŸ”¥NÃ“NGğŸ”¥ DÃ€N â€œMá»¸ NAM VTVâ€ Äá»” Bá»˜ CHECK IN CÃ™NG THÃ™NG BIA 333 KHá»”NG Lá»’ VÃ€ SIÃŠU GIáº¢I THÆ¯á»NG MERCEDES C300 Táº I ROYAL CITY HÃ€ Ná»˜I! TrÄƒm nghe khÃ´ng báº±ng má»™t tháº¥y! Anh em nÃ o chÆ°a tin Ä‘á»™ khá»§ng cá»§a thÃ¹ng bia 333 â€œkhá»•ng lá»“â€ vÃ  Ä‘á»™ háº¥p dáº«n cá»§a chÆ°Æ¡ng trÃ¬nh khuyáº¿n máº¡i â€œ1 THáºº CÃ€O, 3 Láº¦N CÆ  Há»˜Iâ€ vá»›i siÃªu giáº£i thÆ°á»Ÿng Mercedes C300 thÃ¬ xem ngay loáº¡t áº£nh bÃªn dÆ°á»›i ğŸ¤¨. Anh em cÃ³ muá»‘n kiá»ƒm chá»©ng Ä‘á»™ xá»‹n sÃ² cá»§a chÆ°Æ¡ng trÃ¬nh khuyáº¿n máº¡i láº§n nÃ y khÃ´ng? Äáº¿n ngay táº§ng B2 -VINCOM ROYAL CITY HÃ€ Ná»˜I Ä‘á»ƒ check-in cÃ¹ng 333, nháº­n quÃ  tháº£ ga tá»« nay Ä‘áº¿n háº¿t ngÃ y 26/11 nhÃ© ğŸ‘Œ . CÃ²n cháº§n chá» chi mÃ  khÃ´ng nhanh chÃ¢n ra Ä‘áº¿n vÃ  tham gia check-in cuÌ€ng 333 nÃ o. 100% Ä‘áº¿n lÃ  cÃ³ quÃ  mang vá» ğŸ. VÃ  Ä‘á»«ng quÃªn mua vÃ i thÃ¹ng bia 333 Ä‘á»ƒ x3 cÆ¡ há»™i trÃºng giáº£i lá»›n ğŸ¤­.
Chi tiáº¿t chÆ°Æ¡ng trÃ¬nh khuyáº¿n máº¡i táº¡i: http://bia333.vn #333Beer #1TheCao3LanCoHoi #QuaTetDamDaTinhThanSauSac * NgÆ°á»i dÆ°á»›i 18 tuá»•i khÃ´ng Ä‘Æ°á»£c uá»‘ng rÆ°á»£u bia.
* ÄÃ£ uá»‘ng rÆ°á»£u bia - KhÃ´ng lÃ¡i xe",ğŸ”¥ğŸ”¥ğŸ¤¨ğŸ‘ŒğŸğŸ¤­,"['#333Beer', '#1TheCao3LanCoHoi', '#QuaTetDamDaTinhThanSauSac']"
2023-11-10 10:57:00,2583,"ThÃ­ch, YÃªu thÃ­ch vÃ  ThÆ°Æ¡ng thÆ°Æ¡ng",137,"ğŸ Má» THÃ™NG 333 TÃŠÌT NGAY: 1 THáºº CÃ€O - 3 Láº¦N CÆ  Há»˜I DÃ nh táº·ng quÃ  Táº¿t cá»±c Ä‘á»‰nh cho chiÌnh miÌ€nh & ngÆ°á»i thÃ¢n khi tham gia chÆ°Æ¡ng trÃ¬nh khuyáº¿n máº¡i cÆ°Ì£c hot tá»« 333, chiÌ‰ vÆ¡Ìi 1 THEÌ‰ CAÌ€O baÌ£n coÌ tÃ¢Ì£n 3 Láº¦N CÆ  HÃ”Ì£I truÌng giaÌ‰i cÆ°Ì£c lÆ¡Ìn: ğŸ‘‰TRÃšNG NGAY hÃ ng triá»‡u tháº» náº¡p hoáº·c voucher Grab/Shopee.
ğŸ‘‰CÆ  Há»˜I Láº¦N 2: KhÃ¡ch hÃ ng nháº­n ngay mÃ£ dá»± thÆ°á»Ÿng Ä‘á»ƒ tham gia quay sá»‘ may máº¯n vá»›i cÆ¡ há»™i trÃºng 50 GIáº¢I VÃ€NG, má»—i giáº£i trá»‹ giÃ¡ 5 chá»‰.
ğŸ‘‰CÆ  Há»˜I Láº¦N 3: KhÃ¡ch hÃ ng tiáº¿p tá»¥c Ä‘Æ°á»£c tham gia quay thÆ°á»Ÿng GIáº¢I NHáº¤T: 3 XE MERCEDES C300 AMG. ğŸ—“ï¸Thá»i gian chÆ°Æ¡ng trÃ¬nh: 23/10/2023 - 03/02/2024, chiÌ‰ Ã¡p duÌ£ng taÌ£i khu vÆ°Ì£c miÃªÌ€n BÄƒÌc.
ğŸ—“ï¸Lá»‹ch quay thÆ°á»Ÿng cÃ´ng khai dá»± kiáº¿n vÃ o 3 ngÃ y 26/11/2023; 31/12/2023 vÃ  4/2/2024 ğŸ“Œ Chi tiÃªÌt thÃªÌ‰ lÃªÌ£ xem táº¡i: http://bia333.vn
ğŸ“Œ Hotline: 19006988 CÃ²n chÃ¢Ì€n chÆ¡Ì€ gÃ¬ mÃ  khÃ´ng tÃ¬m ngay cÆ°Ì‰a hÃ ng hoÄƒÌ£c siÃªu thiÌ£ gÃ¢Ì€n nhÃ¢Ìt, rinh ngay â€œquÃ  TÃªÌtâ€ 333 Ä‘Ã¢Ì£m Ä‘Ã  vÃªÌ€ nhÃ , gáº¯n káº¿t tÃ¬nh thÃ¢n thÃªm sÃ¢u sáº¯c! #333Beer #1TheCao3LanCoHoi #QuaTetDamDaTinhThanSauSac",ğŸğŸ‘‰ğŸ‘‰ğŸ‘‰ğŸ—“ğŸ—“ğŸ“ŒğŸ“Œ,"['#333Beer', '#1TheCao3LanCoHoi', '#QuaTetDamDaTinhThanSauSac']"
2023-11-02 13:54:00,40,"ThÃ­ch, YÃªu thÃ­ch vÃ  ThÆ°Æ¡ng thÆ°Æ¡ng",3,,,
2023-11-02 13:54:00,40,"ThÃ­ch, YÃªu thÃ­ch vÃ  ThÆ°Æ¡ng thÆ°Æ¡ng",3,,,
2023-11-02 13:54:00,40,"ThÃ­ch, YÃªu thÃ­ch vÃ  ThÆ°Æ¡ng thÆ°Æ¡ng",3,,,
2023-11-02 13:54:00,40,"ThÃ­ch, YÃªu thÃ­ch vÃ  ThÆ°Æ¡ng thÆ°Æ¡ng",3,,,
2023-11-02 13:54:00,40,"ThÃ­ch, YÃªu thÃ­ch vÃ  ThÆ°Æ¡ng thÆ°Æ¡ng",3,,,
2023-11-02 13:54:00,40,"ThÃ­ch, YÃªu thÃ­ch vÃ  ThÆ°Æ¡ng thÆ°Æ¡ng",3,,,
2023-11-02 13:54:00,40,"ThÃ­ch, YÃªu thÃ­ch vÃ  ThÆ°Æ¡ng thÆ°Æ¡ng",3,,,
2023-11-01 20:00:00,19228,"ThÃ­ch, YÃªu thÃ­ch vÃ  ThÆ°Æ¡ng thÆ°Æ¡ng",1001,"CHECK-IN CÃ™NG 333, NHáº¬N QUÃ€ THáº¢ GA ThÃ¹ng bia 333 â€œkhá»•ng lá»“â€ vÃ  giáº£i thÆ°á»Ÿng Ä‘ÄƒÌ£c biÃªÌ£t cuÌ‰a chÆ°Æ¡ng triÌ€nh khuyÃªÌn maÌ£i cÆ°Ì£c hot TÃªÌt naÌ€y Ä‘Ã£ xuáº¥t hiá»‡n taÌ£i HÃ  Ná»™i. ğŸ“ ÄiÌ£a Ä‘iÃªÌ‰m: Táº¦NG B2 - VINCOM ROYAL CITY (72 Ä‘Æ°Æ¡Ì€ng NguyÃªÌƒn TraÌƒi, ThÆ°Æ¡Ì£ng ÄiÌ€nh, Thanh XuÃ¢n, HaÌ€ NÃ´Ì£i)
â° ThÆ¡Ì€i gian: tÆ°Ì€ ngaÌ€y 01/11/2023 - 26/11/2023. Chá»‰ vá»›i 2 bÆ°á»›c Ä‘Æ¡n giáº£n, nháº­n ngay quÃ  xá»‹n táº¡i khu vá»±c cá»§a 333:
âœ… BÆ°á»›c 1: Táº¡o dÃ¡ng chá»¥p áº£nh cÃ¹ng thÃ¹ng bia 333 â€œkhá»•ng lá»“â€ & â€giaÌ‰i thÆ°Æ¡Ì‰ng Ä‘ÄƒÌ£c biÃªÌ£tâ€ tÆ°Ì€ 333.
âœ… BÆ°á»›c 2: ÄÄƒng táº£i áº£nh lÃªn facebook Æ¡Ì‰ chÃªÌ Ä‘Ã´Ì£ cÃ´ng khai, kÃ¨m hashtag
#333Beer #1TheCao3LanCoHoi #QuaTetDamDaTinhThanSauSac 100% cÆ¡ hÃ´Ì£i nhÃ¢Ì£n quaÌ€ daÌ€nh cho tÃ¢Ìt caÌ‰ caÌc baÌ£n, Ä‘ÃªÌn ngay Vincom Royal City - HaÌ€ NÃ´Ì£i Ä‘ÃªÌ‰ cuÌ€ng chiÃªm ngÆ°Æ¡Ìƒng thuÌ€ng bia â€œkhÃ´Ì‰ng lÃ´Ì€â€ vÃ  siÃªu giáº£i thÆ°á»Ÿng Mercedes sang-xá»‹n-má»‹n, Ä‘á»“ng thá»i tham gia check-in Ä‘á»ƒ nhÃ¢Ì£n quaÌ€ thaÌ‰ ga cuÌ€ng 333 nheÌ! ğŸ“Œ LÆ°u Ã½: Pháº§n quÃ  khi tham gia minigame sáº½ Ä‘Æ°á»£c trao trá»±c tiáº¿p ngay táº¡i khu vá»±c Ä‘áº·t 333, liÃªn há»‡ nhÃ¢n viÃªn táº¡i Ä‘áº¥y Ä‘á»ƒ nháº­n hÆ°á»›ng dáº«n cá»¥ thá»ƒ.
ğŸ“Œ ThÃ´ng tin chi tiáº¿t vá» chÆ°Æ¡ng trÃ¬nh khuyáº¿n mÃ£i: http://bia333.vn #333Beer #1TheCao3LanCoHoi #QuaTetDamDaTinhThanSauSac
* NgÆ°á»i dÆ°á»›i 18 tuá»•i khÃ´ng Ä‘Æ°á»£c uá»‘ng rÆ°á»£u bia.
* ÄÃ£ uá»‘ng rÆ°á»£u bia - KhÃ´ng lÃ¡i xe",ğŸ“ğŸ“ŒğŸ“Œ,"['#333Beer', '#1TheCao3LanCoHoi', '#QuaTetDamDaTinhThanSauSac', '#333Beer', '#1TheCao3LanCoHoi', '#QuaTetDamDaTinhThanSauSac']"
2023-10-27 20:00:00,118,"ThÃ­ch, YÃªu thÃ­ch vÃ  ThÆ°Æ¡ng thÆ°Æ¡ng",4,"HALLOWEEN: SÄ‚N LÃ™NG 333 TUYá»†T Háº¢O NGAY ğŸ‘€ Halloween nÃ y, khÃ´ng biáº¿t bao nhiÃªu chai Bia 333 Ä‘Ã£ bá»‹ â€œsÄƒn lÃ¹ng"" vÃ  báº­t náº¯p ğŸº. Vá»›i hÆ°Æ¡ng vá»‹ tuyá»‡t háº£o Ä‘Æ°á»£c táº¡o nÃªn tá»« 3 tinh hoa Äá»©c - PhÃ¡p - Viá»‡t, Bia 333 khÃ´ng bao giá» lÃ m báº¡n pháº£i tháº¥t vá»ng ğŸ¥°. #333Beer #TripleExcellence #3TinhHoaViTuyetHao",ğŸ‘€ğŸºğŸ¥°,"['#333Beer', '#TripleExcellence', '#3TinhHoaViTuyetHao']"
2023-10-23 19:00:00,12292,"ThÃ­ch, YÃªu thÃ­ch vÃ  ThÆ°Æ¡ng thÆ°Æ¡ng",520,"ğŸ“£333 KHUYáº¾N Máº I Cá»°C Háº¤P DáºªN
1 THáºº CÃ€O - 3 Láº¦N CÆ  Há»˜I ğŸ˜² ChÆ°Æ¡ng trÃ¬nh khuyáº¿n máº¡i Táº¿t cá»§a Bia 333 Ä‘Ã£ chÃ­nh thá»©c khá»Ÿi Ä‘á»™ng táº¡i khu vá»±c miá»n Báº¯c vá»›i cÆ¡ cháº¿ hoÃ n toÃ n má»›i vÃ  háº¥p dáº«n. CHá»ˆ Vá»šI 1 THáºº CÃ€O, KHÃCH HÃ€NG NHáº¬N NGAY 3 CÆ  Há»˜I TRÃšNG GIáº¢I Cá»°C Lá»šN: ğŸ‘‰TRÃšNG NGAY hÃ ng triá»‡u tháº» náº¡p hoáº·c voucher Grab/Shopee.
ğŸ‘‰CÆ  Há»˜I Láº¦N 2: KhÃ¡ch hÃ ng nháº­n ngay mÃ£ dá»± thÆ°á»Ÿng Ä‘á»ƒ tham gia quay sá»‘ may máº¯n vá»›i cÆ¡ há»™i trÃºng 50 GIáº¢I VÃ€NG, má»—i giáº£i trá»‹ giÃ¡ 5 chá»‰.
ğŸ‘‰CÆ  Há»˜I Láº¦N 3: KhÃ¡ch hÃ ng tiáº¿p tá»¥c Ä‘Æ°á»£c tham gia quay thÆ°á»Ÿng GIáº¢I NHáº¤T: 3 XE MERCEDES C300 AMG. ğŸ—“ï¸Thá»i gian chÆ°Æ¡ng trÃ¬nh : 23/10/2023 - 03/02/2024.
ğŸ—“ï¸Lá»‹ch quay thÆ°á»Ÿng cÃ´ng khai dá»± kiáº¿n vÃ o cÃ¡c 3 ngÃ y 26/11/2023 ; 31/12/2023 vÃ  4/2/2024. Táº¿t nÃ y, cÃ¹ng 333 gá»­i trao quÃ  Táº¿t Ä‘áº­m Ä‘Ã , gáº¯n káº¿t tÃ¬nh thÃ¢n sÃ¢u sáº¯c vÃ  mang vá» cÃ¡c giáº£i thÆ°á»Ÿng cá»±c háº¥p dáº«n nhÃ©. ğŸ“Œ Chi tiáº¿t thá»ƒ lá»‡ xem táº¡i: http://bia333.vn
â˜ï¸Hotline: 19006988 #333Beer #1TheCao3LanCoHoi #QuaTetDamDaTinhThanSauSac",ğŸ“£ğŸ˜²ğŸ‘‰ğŸ‘‰ğŸ‘‰ğŸ—“ğŸ—“ğŸ“Œ,"['#333Beer', '#1TheCao3LanCoHoi', '#QuaTetDamDaTinhThanSauSac']"
2023-10-18 20:00:00,824,"ThÃ­ch, YÃªu thÃ­ch vÃ  ThÆ°Æ¡ng thÆ°Æ¡ng",29,"NÃ‚NG 333 VÃŒ PHÃI Äáº¸P LUÃ”N TUYá»†T Háº¢O ğŸ»ğŸŒ¹ NhÃ¢n ngÃ y Phá»¥ ná»¯ Viá»‡t Nam, hÃ£y cÃ¹ng Bia 333 nÃ¢ng ly vÃ¬ má»™t ná»­a kia cá»§a tháº¿ giá»›i vÃ  dÃ nh táº·ng nhá»¯ng gÃ¬ tá»‘t Ä‘áº¹p nháº¥t Ä‘áº¿n phá»¥ ná»¯ Viá»‡t nhÃ© ğŸ˜. ğŸ’›KhÃ´ng chá»‰ riÃªng ngÃ y Ä‘áº·c biá»‡t nÃ y mÃ  365 ngÃ y trong nÄƒm, phÃ¡i Ä‘áº¹p luÃ´n xá»©ng Ä‘Ã¡ng Ä‘Æ°á»£c trÃ¢n trá»ng vÃ  yÃªu thÆ°Æ¡ngğŸ¥°. #333Beer #TripleExcellence #3TinhHoaViTuyetHao",ğŸ»ğŸŒ¹ğŸ˜ğŸ’›ğŸ¥°,"['#333Beer', '#TripleExcellence', '#3TinhHoaViTuyetHao']"
2023-10-06 20:00:00,134,"ThÃ­ch, YÃªu thÃ­ch vÃ  Haha",9,"CHá»T ÄÆ N Äáº¦U THÃNG - CHá»T NGAY 333 TUYá»†T Háº¢OâœŒâœŒâœŒ Äáº§u thÃ¡ng lÃªn káº¿ hoáº¡ch chi tiÃªu, Ä‘iá»u â€œthiáº¿t yáº¿uâ€ cá»§a fan 333 chÃ­nh lÃ  cho ngay Bia 333 lÃªn Ä‘áº§u danh sÃ¡ch mua sáº¯m ğŸ’ª. LÃ m sao cÃ³ thá»ƒ thiáº¿u hÆ°Æ¡ng vá»‹ tuyá»‡t háº£o cá»§a Bia 333 Ä‘Æ°á»£c chá»© ğŸ˜, má»™t chÃºt bia cho cuá»™c sá»‘ng thÃªm thÃº vá»‹ ğŸ». ğŸ‘‰ Danh sÃ¡ch mua sáº¯m cá»§a báº¡n Ä‘Ã£ cÃ³ Bia 333 chÆ°a? Chá»‘t Ä‘Æ¡n 333 tuyá»‡t háº£o ngay nÃ o ğŸ»ğŸ»ğŸ». #333Beer #TripleExcellence #3TinhHoaViTuyetHao",ğŸ’ªğŸ˜ğŸ»ğŸ‘‰ğŸ»ğŸ»ğŸ»,"['#333Beer', '#TripleExcellence', '#3TinhHoaViTuyetHao']"
2023-09-22 20:00:00,2208,"ThÃ­ch, YÃªu thÃ­ch vÃ  ThÆ°Æ¡ng thÆ°Æ¡ng",50,"Báº¬T 333 - THÆ¯á»NG Vá»Š TUYá»†T Háº¢OğŸ‘ Combo trÄƒng trÃ²n, bia ngon vÃ  Ä‘Æ°á»£c quÃ¢y quáº§n bÃªn nhá»¯ng ngÆ°á»i thÃ¢n yÃªu lÃ  â€œcÃ´ng thá»©c"" Ä‘á»ƒ lÃ m nÃªn má»™t bá»¯a tiá»‡c Ä‘oÃ n viÃªn tuyá»‡t háº£oğŸ˜‹. ğŸ‘‰CÃ²n chá» gÃ¬ mÃ  khÃ´ng cÃ¹ng nhau nÃ¢ng bia 333, Ä‘á»ƒ cÃ¹ng thÆ°á»Ÿng thá»©c vá»‹ bia Ä‘áº­m Ä‘Ã  cho tÃ¬nh thÃ¢n thÃªm kháº¯ng khÃ­t. #333Beer #TripleExcellence #3TinhHoaViTuyetHao",ğŸ‘ğŸ˜‹ğŸ‘‰,"['#333Beer', '#TripleExcellence', '#3TinhHoaViTuyetHao']"
2023-09-08 20:00:00,2430,"ThÃ­ch, YÃªu thÃ­ch vÃ  ThÆ°Æ¡ng thÆ°Æ¡ng",97,"333 Vá»Š TUYá»†T Háº¢O - NHáº¬U LÃ€ ""HAO"" ğŸ˜Œ KhÃ´ng chá»‰ sáº£ng khoÃ¡i, Ä‘áº­m Ä‘Ã  khi thÆ°á»Ÿng thá»©c â€œsoloâ€, Bia 333 cÃ²n lÃ  lá»±a chá»n vÃ´ cÃ¹ng hoÃ n háº£o khi káº¿t há»£p vá»›i â€œmá»“i bÃ©nâ€ğŸ˜‹. Báº¥t ká»ƒ lÃ  mÃ³n TÃ¢y hay mÃ³n Ta, bÃ n nháº­u nÃ o cÅ©ng sáº½ x3 tuyá»‡t háº£o khi cÃ³ Bia 333! â€œMÃ³n má»“iâ€ yÃªu thÃ­ch cá»§a báº¡n lÃ  gÃ¬ ? CÃ¡nh gÃ  chiÃªn nÆ°á»›c máº¯m, bÃ² lÃºc láº¯c, tÃ´m sá»‘t trá»©ng muá»‘i hay thá»‹t xiÃªn nÆ°á»›ngâ€¦HÃ£y Ä‘á»ƒ 333 gÃ³p pháº§n thá»•i bÃ¹ng vá»‹ giÃ¡c, nÃ¢ng táº§m buá»•i tiá»‡c cá»§a báº¡n nhÃ©. #333Beer #TripleExcellence #3TinhHoaViTuyetHao",ğŸ˜ŒğŸ˜‹,"['#333Beer', '#TripleExcellence', '#3TinhHoaViTuyetHao']"
2023-08-31 20:00:00,772,"ThÃ­ch, YÃªu thÃ­ch vÃ  ThÆ°Æ¡ng thÆ°Æ¡ng",11,"Lá»ŠCH TRÃŒNH NGHá»ˆ Lá»„ TUYá»†T Háº¢O KHI CÃ“ BIA 333 ğŸ»ğŸ»ğŸ» ğŸ—“Nghá»‰ lá»… dÃ i ngÃ y pháº£i lÃ m gÃ¬ Ä‘á»ƒ duy trÃ¬ Ä‘á»™ vui? YÃªn tÃ¢m, cá»© Ä‘á»ƒ Bia 333 lo! Vá»›i hÆ°Æ¡ng vá»‹ Ä‘áº­m Ä‘Ã , sáº£ng khoÃ¡i, bia 333 cháº¯c cháº¯n sáº½ nÃ¢ng táº§m cuá»™c vui cá»§a báº¡n. DÃ¹ lÃ  tiá»‡c táº¡i gia hay tháº£ ga ngoÃ i quÃ¡n, cÃ³ 333 nhÃ¢n 3 tuyá»‡t háº£o. âœŒCÃ¹ng 333 Äƒn má»«ng Lá»… Quá»‘c KhÃ¡nh vá»›i gia Ä‘Ã¬nh vÃ  há»™i báº¡n ngay nÃ oğŸ‘ğŸ‘ğŸ‘ #333Beer #TripleExcellence #3TinhHoaViTuyetHao",ğŸ»ğŸ»ğŸ»ğŸ—“ğŸ‘ğŸ‘ğŸ‘,"['#333Beer', '#TripleExcellence', '#3TinhHoaViTuyetHao']"
2023-08-29 20:00:00,70,"ThÃ­ch, YÃªu thÃ­ch vÃ  ThÆ°Æ¡ng thÆ°Æ¡ng",6,"NHá»®NG GIáº¢I THÆ¯á»NG CUá»I CÃ™NG ÄÃƒ TÃŒM ÄÆ¯á»¢C CHá»¦ NHÃ‚N MAY Máº®N ğŸ‰ Sau hÆ¡n 3 thÃ¡ng diá»…n ra chÆ°Æ¡ng trÃ¬nh khuyáº¿n mÃ£i vÃ  káº¿t thÃºc Ä‘á»•i thÆ°á»Ÿng vÃ o ngÃ y 28.08.2023, chÆ°Æ¡ng trÃ¬nh â€œBáº­t náº¯p hÃ¨ vui - TrÃºng tiá»n Ä‘áº§y tÃºi"" Ä‘Ã£ nháº­n Ä‘Æ°á»£c sá»± á»§ng há»™ nhiá»‡t tÃ¬nh tá»« quÃ½ khÃ¡ch hÃ ng. ğŸ22 giáº£i Nháº¥t: má»—i giáº£i 100 triá»‡u Ä‘á»“ng tiá»n máº·t
ğŸ174 giáº£i NhÃ¬: má»—i giáº£i 10 triá»‡u Ä‘á»“ng tiá»n máº·t
ğŸCÃ¹ng hÆ¡n má»™t triá»‡u giáº£i tháº» náº¡p Ä‘Ã£ cÃ³ chá»§ ğŸ‘ Bia 333 xin cáº£m Æ¡n táº¥t cáº£ quÃ½ khÃ¡ch hÃ ng Ä‘Ã£ luÃ´n tin tÆ°á»Ÿng, á»§ng há»™. HÃ£y luÃ´n theo dÃµi fanpage 333 Beer Ä‘á»ƒ cáº­p nháº­t nhá»¯ng thÃ´ng tin chÃ­nh xÃ¡c vÃ  sá»›m nháº¥t vá» cÃ¡c chÆ°Æ¡ng trÃ¬nh cá»±c hot sáº¯p tá»›i nhÃ©. #333Beer #TripleExcellence #3TinhHoaViTuyetHao",ğŸ‰ğŸğŸğŸğŸ‘,"['#333Beer', '#TripleExcellence', '#3TinhHoaViTuyetHao']"
2023-08-18 20:03:00,569,"ThÃ­ch, YÃªu thÃ­ch vÃ  ThÆ°Æ¡ng thÆ°Æ¡ng",17,"CUá»˜C VUI CUá»I TUáº¦N SAO CÃ“ THá»‚ THIáº¾U BIA 333? ğŸ‘ŒğŸ‘ŒğŸ‘Œ Cuá»‘i tuáº§n bung xoÃ£, gá»i ngay há»™i báº¡n thÃ¢n Ä‘á»ƒ cÃ¹ng nÃ¢ng bia 333 - nhÃ¢n 3 tuyá»‡t háº£o, nhÃ¢n 3 Ä‘á»™ vui cho buá»•i tá»¥ táº­p háº¿t náº¥c ğŸ»ğŸ»ğŸ». Chá»‰ cáº§n cÃ³ combo báº¡n bÃ¨ cÃ¹ng vá»‹ bia 333 tuyá»‡t háº£o, khÃ´ng khÃ­ cuá»‘i tuáº§n sáº½ Ä‘Æ°á»£c báº­t cháº¿ Ä‘á»™ quáº©y cá»±c vui âœŒâœŒ. #333Beer #TripleExcellence #3TinhHoaViTuyetHao",ğŸ‘ŒğŸ‘ŒğŸ‘ŒğŸ»ğŸ»ğŸ»,"['#333Beer', '#TripleExcellence', '#3TinhHoaViTuyetHao']"
2023-08-04 20:01:00,1324,"ThÃ­ch, YÃªu thÃ­ch vÃ  ThÆ°Æ¡ng thÆ°Æ¡ng",67,"Má»ªNG NGÃ€Y QUá»C Táº¾ BIA - CÃ™NG NÃ‚NG LY 333 TUYá»†T Háº¢O ğŸ»ğŸ»ğŸ» ğŸºLÃ  sá»± káº¿t há»£p tuyá»‡t háº£o cá»§a 3 tinh hoa: nguyÃªn liá»‡u lÃ  hoa bia Hallertau cá»§a Äá»©c, cÃ´ng thá»©c trÄƒm nÄƒm tá»« PhÃ¡p vÃ  tÃ i nÄƒng náº¥u bia cá»§a nghá»‡ nhÃ¢n Viá»‡t. Bia 333 mang Ä‘áº¿n tráº£i nghiá»‡m vá»‹ ngon Ä‘áº³ng cáº¥p quá»‘c táº¿ khÃ´ng thá»ƒ chá»‘i tá»« ğŸ¤¤. ğŸ‘ŒNgÃ y Quá»‘c táº¿ Bia nÄƒm nay, cÃ²n cháº§n chá»« gÃ¬ mÃ  khÃ´ng nÃ¢ng ly, cÃ¹ng báº¡n bÃ¨ thÆ°á»Ÿng thá»©c vá»‹ bia 333 tuyá»‡t háº£o vÃ  tham gia ngay chÆ°Æ¡ng trÃ¬nh khuyáº¿n mÃ£i â€œBáº­t náº¯p hÃ¨ vui, trÃºng tiá»n Ä‘áº§y tÃºiâ€ kÃ©o dÃ i Ä‘áº¿n ngÃ y 28.08.2023 táº¡i cÃ¡c tá»‰nh phÃ­a Báº¯c ğŸ˜ğŸ˜ğŸ˜. #333Beer #3TinhHoaViTuyetHao #BatNapHeVuiTrungTienDayTui",ğŸ»ğŸ»ğŸ»ğŸºğŸ¤¤ğŸ‘ŒğŸ˜ğŸ˜ğŸ˜,"['#333Beer', '#3TinhHoaViTuyetHao', '#BatNapHeVuiTrungTienDayTui']"
2023-07-21 20:00:00,1079,"ThÃ­ch, YÃªu thÃ­ch vÃ  Wow",129,"20 GIáº¢I NHáº¤T & 134 GIáº¢I NHÃŒ ÄÃƒ CÃ“ CHá»¦ğŸ’°
ğŸ‘‰BAÌ£N COÌ MUÃ”ÌN TRÆ Ì‰ THAÌ€NH KHAÌCH HAÌ€NG MAY MÄ‚ÌN TIÃŠÌP THEO? ğŸ¤‘Bia 333 xin chÃºc má»«ng quÃ½ khÃ¡ch hÃ ng Ä‘Ã£ may mÄƒÌn â€œtrÃºng tiá»n Ä‘áº§y tÃºiâ€. HÆ¡n 3 tyÌ‰ tiÃªÌ€n mÄƒÌ£t Ä‘Ã£ trao tay caÌc khaÌch haÌ€ng truÌng giaÌ‰i ğŸ‘. ğŸ‘‰Váº«n cÃ²n ráº¥t nhiá»u giáº£i thÆ°á»Ÿng Ä‘ang chá» Ä‘á»£i nhá»¯ng khÃ¡ch hÃ ng may máº¯n tiáº¿p theo:
ğŸ13 Giáº£i Nháº¥t: 100.000.000 Ä‘á»“ng tiá»n máº·t má»—i giáº£i
ğŸ199 Giáº£i NhÃ¬: 10.000.000 Ä‘á»“ng tiá»n máº·t má»—i giáº£i
ğŸHÃ ng trÄƒm nghiÌ€n tháº» náº¡p Ä‘iá»‡n thoáº¡i trá»‹ giÃ¡ 20.000 Ä‘á»“ng â³ChÆ°Æ¡ng trÃ¬nh khuyáº¿n mÃ£i â€œBáº­t náº¯p hÃ¨ vui - TrÃºng tiá»n Ä‘áº§y tÃºiâ€ sáº½ kÃ©o dÃ i Ä‘áº¿n 28.08.2023. Nhanh tay mua ngay 333 thÆ°Ì‰ vÃ¢Ì£n may naÌ€o ğŸ˜ğŸ˜ğŸ˜. Chi tiÃªÌt xem thÃªm taÌ£i: http://bia333.vn #333Beer #3TinhHoaViTuyetHao #BatNapHeVuiTrungTienDayTui",ğŸ’°ğŸ‘‰ğŸ¤‘ğŸ‘ğŸ‘‰ğŸğŸğŸğŸ˜ğŸ˜ğŸ˜,"['#333Beer', '#3TinhHoaViTuyetHao', '#BatNapHeVuiTrungTienDayTui']"
2023-07-14 20:02:00,1124,"ThÃ­ch, YÃªu thÃ­ch vÃ  Wow",58,"WORK LIFE SAO CHO â€œ3â€LANCE - Äá»‚ BIA 333 BÃ€Y TUYá»†T CHIÃŠU ğŸ‘‚ğŸ‘‚ğŸ‘‚ âœŒÄá»«ng Ä‘á»ƒ deadline ngáº­p Ä‘áº§u lÃ m â€œlá»‡châ€ nhá»‹p sá»‘ng work-life â€œ3â€lance cá»§a báº¡n. SÃ¡ng Ä‘Ã£ chÄƒm chá»‰ lÃªn lÃ m thÃ¬ tá»‘i pháº£i tÃ­ch cá»±c lÃªn kÃ¨o vá»›i bia 333 ğŸ’› ğŸ˜‰Chá»‰ cáº§n cÃ³ bia 333 báº­t náº¯p, má»i buá»•i tá»¥ táº­p sáº½ Ä‘Æ°á»£c báº­t cháº¿ Ä‘á»™ vui lÃªn - sáºµn sÃ ng cÃ¹ng báº¡n vÃ  há»™i nháº­u thá»§ chÃ­ cá»‘t tá»›i báº¿n, gáº¡t cÃ´ng viá»‡c qua má»™t bÃªn Ä‘á»ƒ giá»¯ vá»¯ng tinh tháº§n work-life â€œ3â€lance ğŸ»ğŸ»ğŸ» ğŸ‘‰Cuá»‘i tuáº§n sáº¯p Ä‘áº¿n, cÃ²n cháº§n chá»« gÃ¬ mÃ  khÃ´ng alo ngay báº¡n bÃ¨ Ä‘á»ƒ háº¹n má»™t chiáº¿c kÃ¨o háº¿t náº¥c vá»›i 333 nÃ o ğŸ‘. VÃ  Ä‘á»«ng quÃªn chÆ°Æ¡ng trÃ¬nh khuyáº¿n mÃ£i táº¡i cÃ¡c tá»‰nh miá»n Báº¯c váº«n Ä‘ang diá»…n ra Ä‘áº¿n háº¿t ngÃ y 28.08.2023. Chi tiáº¿t táº¡i: http://bia333.vn #333Beer #3TinhHoaViTuyetHao #BatNapHeVuiTrungTienDayTui",ğŸ‘‚ğŸ‘‚ğŸ‘‚ğŸ’›ğŸ˜‰ğŸ»ğŸ»ğŸ»ğŸ‘‰ğŸ‘,"['#333Beer', '#3TinhHoaViTuyetHao', '#BatNapHeVuiTrungTienDayTui']"
2023-07-07 20:00:00,1197,"ThÃ­ch, YÃªu thÃ­ch vÃ  Wow",116,"MUA 333 NGAY - CÆ  HÃ”Ì£I TRUÌNG GIAÌ‰I 100 TRIÃŠÌ£U KEÌO DAÌ€I ÄÃŠÌN 28.08.2023 ğŸ¤‘ğŸ¤‘ğŸ¤‘ ğŸ’° ChiÌ‰ cÃ¢Ì€n giÃ¢Ì£t nÄƒÌp 333 laÌ€ coÌ ngay cÆ¡ hÃ´Ì£i truÌng giaÌ‰i tiÃªÌ€n mÄƒÌ£t cÆ°Ì£c hÃ¢Ìp dÃ¢Ìƒn. VÃ¢Ìƒn coÌ€n rÃ¢Ìt nhiÃªÌ€u giaÌ‰i thÆ°Æ¡Ì‰ng vÆ¡Ìi tÃ´Ì‰ng triÌ£ giaÌ lÃªn Ä‘ÃªÌn hÆ¡n 10 tyÌ‰ Ä‘Ã´Ì€ng Ä‘ang chÆ¡Ì€ Ä‘Æ¡Ì£i baÌ£n: ğŸ19 Giáº£i Nháº¥t: 100.000.000 Ä‘á»“ng tiá»n máº·t má»—i giáº£i
ğŸ242 Giáº£i NhÃ¬: 10.000.000 Ä‘á»“ng tiá»n máº·t má»—i giáº£i
ğŸHÃ ng trÄƒm nghiÌ€n tháº» náº¡p Ä‘iá»‡n thoáº¡i trá»‹ giÃ¡ 20.000 Ä‘á»“ng âœŒThÆ¡Ì€i gian Ä‘Ã´Ì‰i thÆ°Æ¡Ì‰ng gia haÌ£n Ä‘ÃªÌn ngÃ y 28.08.2023, váº­y nÃªn Ä‘á»«ng cháº§n chá»« mÃ  hÃ£y tÄƒng tá»‘c giáº­t náº¯p Ä‘á»ƒ thÆ°á»Ÿng thá»©c vá»‹ bia tuyá»‡t háº£o cá»§a 333 vÃ  â€œÃ´m tiá»nâ€ vá» háº§u bao ngay nÃ o ğŸ’ªğŸ’ªğŸ’ª #333Beer #3TinhHoaViTuyetHao #BatNapHeVuiTrungTienDayTui",ğŸ¤‘ğŸ¤‘ğŸ¤‘ğŸ’°ğŸğŸğŸğŸ’ªğŸ’ªğŸ’ª,"['#333Beer', '#3TinhHoaViTuyetHao', '#BatNapHeVuiTrungTienDayTui']"
2023-06-26 20:00:00,462,"ThÃ­ch, YÃªu thÃ­ch vÃ  ThÆ°Æ¡ng thÆ°Æ¡ng",57,MINIGAME: CHá»šP CHUáº¨N 333 - NHáº¬N QUÃ€ x3 TUYá»†T Háº¢O ğŸ» ğŸ‘‰Táº¥t cáº£ nhá»¯ng gÃ¬ báº¡n cáº§n lÃ m lÃ  thá»ƒ hiá»‡n sá»± nhanh tay nhanh máº¯t cá»§a báº£n thÃ¢n Ä‘á»ƒ cÃ³ cÆ¡ há»™i nháº­n Ä‘Æ°á»£c pháº§n quÃ  x3 tuyá»‡t háº£o tá»« bia 333. BÆ°á»›c 1ï¸âƒ£: Chá»¥p mÃ n hÃ¬nh khi khá»›p Ä‘Ãºng khung hÃ¬nh â€œ333 - 3 Tinh Hoa Vá»‹ Tuyá»‡t Háº£oâ€ BÆ°á»›c 2ï¸âƒ£: BÃ¬nh luáº­n áº£nh chá»¥p mÃ n hÃ¬nh dÆ°á»›i bÃ i Ä‘Äƒng kÃ¨m má»™t sá»‘ may máº¯n tá»« 000-999 BÆ°á»›c 3ï¸âƒ£: Like fanpage 333 vÃ  chá» Ä‘á»£i káº¿t quáº£ vÃ o ngÃ y 7.7.2023. ğŸCombo 3 thÃ¹ng bia 333 tuyá»‡t háº£o sáº½ dÃ nh cho 3 khÃ¡ch hÃ ng thá»±c hiá»‡n Ä‘Ãºng 3 bÆ°á»›c trÃªn vÃ  cÃ³ sá»‘ may máº¯n trÃ¹ng khá»›p vá»›i káº¿t quáº£ xá»• sá»‘ miá»n Báº¯c - giáº£i Ä‘áº·c biá»‡t ngÃ y 7.7.2023. LÆ°u Ã½: Táº¥t cáº£ nhá»¯ng bÃ¬nh luáº­n sau 12:00 trÆ°a ngÃ y 7.7.2023 sáº½ Ä‘Æ°á»£c xem lÃ  khÃ´ng há»£p lá»‡. Tham gia ngay Ä‘á»ƒ thá»­ váº­n may vÃ  cÃ³ cÆ¡ há»™i trÃºng quÃ  vÃ  thÆ°á»Ÿng thá»©c Bia 333 tuyá»‡t háº£o nÃ o âœŒâœŒâœŒ #333Beer #3TinhHoaViTuyetHao,ğŸ»ğŸ‘‰ğŸ,"['#333Beer', '#3TinhHoaViTuyetHao']"
2023-06-21 20:00:00,4161,"ThÃ­ch, YÃªu thÃ­ch vÃ  ThÆ°Æ¡ng thÆ°Æ¡ng",119,"Báº¬T Náº®P HÃˆ VUI, TRÃšNG TIá»€N Äáº¦Y TÃšI - HÆ N 1 Tá»¶ TIá»€N Máº¶T ÄÃƒ ÄÆ¯á»¢C TRAO ğŸ’° ğŸ‘333 xin Ä‘Æ°á»£c chÃºc má»«ng quÃ½ khÃ¡ch hÃ ng may máº¯n Ä‘Ã£ â€œtrÃºng tiá»n Ä‘áº§y tÃºi"". 8 giáº£i Nháº¥t - má»—i giáº£i 100 triá»‡u tiá»n máº·t vÃ  54 giáº£i NhÃ¬ - má»—i giáº£i 10 triá»‡u tiá»n máº·t Ä‘Ã£ cÃ³ chá»§ vÃ  Ä‘Ã£ Ä‘Æ°á»£c trao tay quÃ½ khÃ¡ch hÃ ng may máº¯n ğŸ˜ ğŸ‘€CÃ²n ráº¥t nhiá»u giáº£i thÆ°á»Ÿng háº¥p dáº«n Ä‘ang chá» Ä‘á»£i chá»§ nhÃ¢n may máº¯n tiáº¿p theo: ğŸ’°25 Giáº£i Nháº¥t: 100.000.000 Ä‘á»“ng tiá»n máº·t má»—i giáº£i.
ğŸ’°279 Giáº£i NhÃ¬: 10.000.000 Ä‘á»“ng tiá»n máº·t má»—i giáº£i.
ğŸ’°HÃ ng triá»‡u tháº» náº¡p Ä‘iá»‡n thoáº¡i trá»‹ giÃ¡ 20.000 Ä‘á»“ng. Thá»i háº¡n Ä‘á»•i thÆ°á»Ÿng Ä‘áº¿n háº¿t ngÃ y 8.8.2023 ChÆ°Æ¡ng trÃ¬nh khuyáº¿n máº¡i Ã¡p dá»¥ng táº¡i cÃ¡c tá»‰nh phÃ­a Báº¯c. Chi tiáº¿t táº¡i http://bia333.vn ğŸ‘‰Mua ngay 333 Ä‘á»ƒ cÃ³ cÆ¡ há»™i trá»Ÿ thÃ nh ngÆ°á»i may máº¯n tiáº¿p theo trÃºng tiá»n Ä‘áº§y tÃºi nÃ o ğŸ»ğŸ»ğŸ» #333Beer #3TinhHoaViTuyetHao #BatNapHeVuiTrungTienDayTui",ğŸ’°ğŸ‘ğŸ˜ğŸ‘€ğŸ’°ğŸ’°ğŸ’°ğŸ‘‰ğŸ»ğŸ»ğŸ»,"['#333Beer', '#3TinhHoaViTuyetHao', '#BatNapHeVuiTrungTienDayTui']"
2023-06-09 20:00:00,1990,"ThÃ­ch, YÃªu thÃ­ch vÃ  ThÆ°Æ¡ng thÆ°Æ¡ng",210,"MUA 333 NGAY - CÆ  HÃ”Ì£I TRUÌNG GIAÌ‰I THÆ¯Æ Ì‰NG 100 TRIÃŠÌ£U CuÌ€ng thÆ°Æ¡Ì‰ng thÆ°Ìc viÌ£ bia 333 tuyÃªÌ£t haÌ‰o vaÌ€ cÆ¡ hÃ´Ì£i truÌng haÌ€ng triÃªÌ£u giaÌ‰i thÆ°Æ¡Ì‰ng hÃ¢Ìp dÃ¢Ìƒn bÃªn dÆ°Æ¡Ìi mÃ´Ìƒi khoeÌn lon:
ğŸ’°33 Giáº£i Nháº¥t: 100.000.000 Ä‘á»“ng tiá»n máº·t má»—i giáº£i.
ğŸ’°333 Giáº£i NhÃ¬: 10.000.000 Ä‘á»“ng tiá»n máº·t má»—i giáº£i.
ğŸ’°HÃ ng triá»‡u tháº» náº¡p Ä‘iá»‡n thoáº¡i trá»‹ giÃ¡ 20.000 Ä‘á»“ng. ğŸ‘‰Thá»i gian Ä‘á»•i thÆ°á»Ÿng Ä‘áº¿n háº¿t ngÃ y 8.8.2023. ChÆ°Æ¡ng trÃ¬nh khuyáº¿n máº¡i Ã¡p dá»¥ng táº¡i khu vá»±c phÃ­a Báº¯c. Chi tiáº¿t tham kháº£o thÃªm táº¡i: http://bia333.vn *ÄÃ£ uá»‘ng rÆ°á»£u bia, khÃ´ng lÃ¡i xe
#333Beer #3TinhHoaViTuyetHao #BatNapHeVuiTrungTienDayTui",ğŸ’°ğŸ’°ğŸ’°ğŸ‘‰,"['#333Beer', '#3TinhHoaViTuyetHao', '#BatNapHeVuiTrungTienDayTui']"
2023-06-06 20:00:00,471,"ThÃ­ch, YÃªu thÃ­ch vÃ  ThÆ°Æ¡ng thÆ°Æ¡ng",24,"333 Cá»¨ â€œTHÆ¯á»NGâ€ - Ká»† MÆ¯A Náº®NG THáº¤T THÆ¯á»œNG â›…â›ˆï¸ â˜”Náº¯ng mÆ°a lÃ  viá»‡c cá»§a trá»i, cÃ²n chÃºng mÃ¬nh chá»‰ cáº§n cÃ³ combo báº¡n bÃ¨ chÃ­ cá»‘t, má»“i ngon vÃ  bia 333 tuyá»‡t háº£o ! ğŸ»ğŸ»ğŸ» ğŸ‘Báº­t náº¯p bia 333 ngay Ä‘á»ƒ thÆ°á»Ÿng thá»©c vá»‹ bia tuyá»‡t háº£o, vÃ  cÃ³ cÆ¡ há»™i trÃºng giáº£i tiá»n máº·t lÃªn Ä‘áº¿n 100 triá»‡u Ä‘á»“ng cÃ¹ng nhiá»u giáº£i thÆ°á»Ÿng háº¥p dáº«n khÃ¡c. Chi tiáº¿t xem thÃªm táº¡i: http://bia333.vn ğŸ’¨CÃ²n Ä‘á»£i chá» gÃ¬ mÃ  chÆ°a alo cho há»™i báº¡n Ä‘á»ƒ cÃ¹ng nhau â€œ 1 2 3 zÃ´â€ vÃ  cÃ¹ng nhau sÄƒn cÃ¡c thÆ°á»Ÿng giÃ¡ trá»‹ tá»« bia 333 nÃ o ğŸ¤™ğŸ¤™ğŸ¤™ #333Beer #3TinhHoaViTuyetHao #BatNapHeVuiTrungTienDayTui",ğŸ»ğŸ»ğŸ»ğŸ‘ğŸ’¨ğŸ¤™ğŸ¤™ğŸ¤™,"['#333Beer', '#3TinhHoaViTuyetHao', '#BatNapHeVuiTrungTienDayTui']"
2023-05-25 18:07:00,145,"ThÃ­ch, YÃªu thÃ­ch vÃ  Haha",16,"ğŸ”¥NÃ“NGğŸ”¥ÄÃƒ CÃ“ KHÃCH HÃ€NG TRÃšNG GIáº¢I NHáº¤T - 100 TRIá»†U TIá»€N Máº¶T Vá»€ TAY ğŸ’¸ğŸ¤‘ Chá»‰ vá»›i má»™t thao tÃ¡c Ä‘Æ¡n giáº£n â€œbáº­t náº¯pâ€ lon 333, Ä‘Ã£ mang Ä‘áº¿n may máº¯n báº¥t ngá». 333 xin chÃºc má»«ng chá»‹ Mai Diá»‡p Anh táº¡i HÃ  Ná»™i, Ä‘Ã£ lÃ  khÃ¡ch hÃ ng may máº¯n Ä‘áº§u tiÃªn trÃºng giáº£i Nháº¥t vá»›i giáº£i thÆ°á»Ÿng lÃ  100 triá»‡u Ä‘á»“ng tiá»n máº·tğŸ’°. ğŸ””3 khÃ¡ch hÃ ng may máº¯n tiáº¿p theo trÃºng giáº£i NhÃ¬ - 10 triá»‡u Ä‘á»“ng tiá»n máº·t / má»—i giáº£i:
Xin chÃºc má»«ng:
- Anh Táº¡ VÄƒn QuÃ¢n ( HÃ  Ná»™i)
- Anh LÃª Kháº¯c ChÃ­nh (HÃ  Ná»™i)
- Anh BÃ¹i Máº¡nh CÆ°á»ng (PhÃº Thá») Váº«n cÃ²n ráº¥t nhiá»u giáº£i thÆ°á»Ÿng Ä‘ang chá» Ä‘á»£i chá»§ nhÃ¢n may máº¯n tiáº¿p theo.
ğŸ32 giáº£i Nháº¥t: 100 triá»‡u Ä‘á»“ng tiá»n máº·t / má»—i giáº£i
ğŸ330 giáº£i NhÃ¬: 10 triá»‡u Ä‘á»“ng tiá»n máº·t / má»—i giáº£i
CÃ¹ng hÃ ng triá»‡u tháº» cÃ o 20.000 Ä‘á»“ngğŸ¤˜. Thá»i gian Ä‘á»•i thÆ°á»Ÿng Ä‘áº¿n háº¿t ngÃ y 8.8.2023.
ChÆ°Æ¡ng trÃ¬nh Ã¡p dá»¥ng táº¡i má»™t sá»‘ khu vá»±c phÃ­a Báº¯c. Tham kháº£o thÃªm táº¡i: http://bia333.vn Nhanh chÃ¢n Ä‘áº¿n ngay cá»­a hÃ ng gáº§n nháº¥t, rinh ngay bia 333 vÃ  tÃ¬m cÆ¡ há»™i â€œtrÃºng tiá»n Ä‘áº§y tÃºiâ€ bÃªn dÆ°á»›i má»—i náº¯p lon nhÃ© ğŸ˜. #333Beer #BatNapHeVuiTrungTienDayTui *NgÆ°á»i dÆ°á»›i 18 tuá»•i khÃ´ng Ä‘Æ°á»£c uá»‘ng rÆ°á»£u, bia.",ğŸ”¥ğŸ”¥ğŸ’¸ğŸ¤‘ğŸ’°ğŸ””ğŸğŸğŸ¤˜ğŸ˜,"['#333Beer', '#BatNapHeVuiTrungTienDayTui']"
2023-05-25 10:00:00,1310,"ThÃ­ch, YÃªu thÃ­ch vÃ  ThÆ°Æ¡ng thÆ°Æ¡ng",38,"HEÌ€ OI BÆ¯ÌC, CÃ“ 333 NHÃ‚N 3 Sáº¢NG KHOÃI ! VÆ¡Ìi thÆ¡Ì€i tiÃªÌt miÃªÌ€n BÄƒÌc noÌng bÆ°Ìc, coÌ€n giÌ€ tuyÃªÌ£t vÆ¡Ì€i hÆ¡n caÌ‰m giaÌc saÌ‰ng khoaÌi khi thÆ°Æ¡Ì‰ng thÆ°Ìc bia 333 tuyÃªÌ£t haÌ‰o. â„ Bia thÃ´i chÆ°a Ä‘á»§ â€œláº¡nhâ€, 333 cÃ²n mang Ä‘ÃªÌn chÆ°Æ¡ng trÃ¬nh khuyáº¿n mÃ£i cÆ°Ì£c cool ""Báº­t Náº¯p HÃ¨ Vui - TrÃºng Tiá»n Äáº§y TÃºi"" vá»›i nhá»¯ng giáº£i thÆ°á»Ÿng hÃ¢Ìp dÃ¢Ìƒn: ğŸ 33 Giáº£i Nháº¥t: 100.000.000 Ä‘á»“ng tiá»n máº·t má»—i giáº£i.
ğŸ 333 Giáº£i NhÃ¬: 10.000.000 Ä‘á»“ng tiá»n máº·t má»—i giáº£i.
ğŸ HÃ ng triá»‡u tháº» náº¡p Ä‘iá»‡n thoáº¡i trá»‹ giÃ¡ 20.000 Ä‘á»“ng. Thá»i gian Ä‘á»•i thÆ°á»Ÿng Ä‘ÃªÌn hÃªÌt ngaÌ€y 8.8.2023.
ChÆ°Æ¡ng triÌ€nh aÌp duÌ£ng taÌ£i mÃ´Ì£t sÃ´Ì khu vÆ°Ì£c. Truy cÃ¢Ì£p website: http://bia333.vn hoÄƒc goÌ£i hotline 1900 6899 (1000 Ä‘Ã´Ì€ng/phuÌt) Ä‘á»ƒ biÃªÌt thÃªm thÃ´ng tin chÆ°Æ¡ng triÌ€nh. ğŸ‘‰ Báº­t ngay náº¯p 333 Ä‘á»ƒ thÆ°Æ¡Ì‰ng thÆ°Ìc viÌ£ bia tuyÃªÌ£t haÌ‰o, tÃ¢Ì£n hÆ°Æ¡Ì‰ng caÌ‰m giaÌc saÌ‰ng khoaÌi vaÌ€ cÆ¡ hÃ´Ì£i truÌng caÌc giaÌ‰i thÆ°Æ¡Ì‰ng tiÃªÌ€n mÄƒÌ£t giaÌ triÌ£. #333Beer #BatNapHeVuiTrungTienDayTui",ğŸğŸğŸğŸ‘‰,"['#333Beer', '#BatNapHeVuiTrungTienDayTui']"
2023-05-04 20:00:00,6336,"ThÃ­ch, YÃªu thÃ­ch vÃ  ThÆ°Æ¡ng thÆ°Æ¡ng",459,"CHÆ¯Æ NG TRÃŒNH KHUYáº¾N MÃƒI Cá»°C HOT: Báº¬T Náº®P HÃˆ VUI, TRÃšNG TIá»€N Äáº¦Y TÃšI ğŸ’° NÃ³ng nhÆ° tháº¿ nÃ y thÃ¬ báº­t ngay náº¯p 333 Ä‘á»ƒ cÃ³ cÆ¡ há»™i trÃºng cÃ¡c giáº£i thÆ°á»Ÿng Ä‘áº·c biá»‡t tá»« chÆ°Æ¡ng trÃ¬nh khuyáº¿n mÃ£i má»›i nháº¥t â€œBáº­t náº¯p hÃ¨ vui, trÃºng tiá»n Ä‘áº§y tÃºiâ€. ğŸ 33 Giáº£i Nháº¥t: Má»—i giáº£i 100.000.000 Ä‘á»“ng tiá»n máº·t
ğŸ 333 Giáº£i NhÃ¬: Má»—i giáº£i 10.000.000 Ä‘á»“ng tiá»n máº·t
ğŸ VÃ  hÃ ng triá»‡u tháº» náº¡p Ä‘iá»‡n thoáº¡i trá»‹ giÃ¡ 20.000 Ä‘á»“ng CÃ²n cháº§n chá» gÃ¬ mÃ  khÃ´ng mua 333 ngay, Ä‘á»ƒ Ä‘Æ°á»£c thÆ°á»Ÿng thá»©c vá»‹ bia tuyá»‡t háº£o, táº­n hÆ°á»Ÿng cáº£m giÃ¡c sáº£ng khoÃ¡i vÃ  cÃ³ cÆ¡ há»™i trÃºng ngay cÃ¡c giáº£i thÆ°á»Ÿng tiá»n máº·t cá»±c hot. Thá»i gian Ä‘á»•i thÆ°á»Ÿng: tá»« ngÃ y 5.5.2023 Ä‘áº¿n 8.8.2023.
ChÆ°Æ¡ng trÃ¬nh Ã¡p dá»¥ng táº¡i má»™t sá»‘ khu vá»±c.
Chi tiáº¿t tham kháº£o táº¡i: http://bia333.vn hoáº·c hotline Ä‘á»•i thÆ°á»Ÿng 1900 6988. #333beer #BatNapHeVuiTrungTienDayTui * NgÆ°á»i dÆ°á»›i 18 tuá»•i khÃ´ng Ä‘Æ°á»£c uá»‘ng rÆ°á»£u bia
* ÄÃ£ uá»‘ng rÆ°á»£u bia - KhÃ´ng lÃ¡i xe",ğŸ’°ğŸğŸğŸ,"['#333beer', '#BatNapHeVuiTrungTienDayTui']"
2023-04-28 20:00:00,691,"ThÃ­ch, YÃªu thÃ­ch vÃ  ThÆ°Æ¡ng thÆ°Æ¡ng",10,"Báº¬T Náº®P 333 VUI Lá»„ THáº¢ GA ğŸ» Báº¡n Ä‘Ã£ cÃ³ káº¿ hoáº¡ch cho ká»³ nghá»‰ lá»… dÃ i ngÃ y sáº¯p tá»›i chÆ°a ? TÃ¬nh hÃ¬nh chung cá»§a sá»‘ Ä‘Ã´ng ngay thá»i Ä‘iá»ƒm nÃ y: thÃ¢n thá»ƒ thÃ¬ á»Ÿ nhÃ  hoáº·c cÃ´ng ty nhÆ°ng tÃ¢m há»“n thÃ¬ nghÄ© Ä‘áº¿n nhá»¯ng buá»•i Ä‘i chÆ¡i xa hay tá»¥ há»p cÃ¹ng báº¡n bÃ¨, gia Ä‘Ã¬nh bÃªn bÃ n tiá»‡c Ä‘áº§y áº¯p mÃ³n ngon vÃ  bia 333 tuyá»‡t háº£o ğŸ». Báº¡n thuá»™c team Ä‘i chÆ¡i lá»… hay sáº½ quÃ¢y quáº§n cÃ¹ng gia Ä‘Ã¬nh, chia sáº» cÃ¹ng 333 nhÃ©. #333Beer #TripleExellence #3TinhHoaViTuyetHao *NgÆ°á»i dÆ°á»›i 18 tuá»•i khÃ´ng Ä‘Æ°á»£c uá»‘ng rÆ°á»£u bia
*ÄÃ£ uá»‘ng rÆ°á»£u bia - KhÃ´ng lÃ¡i xe",ğŸ»ğŸ»,"['#333Beer', '#TripleExellence', '#3TinhHoaViTuyetHao']"
2023-04-12 20:00:00,1961,"ThÃ­ch, YÃªu thÃ­ch vÃ  Haha",82,"BLACK VALENTINE NÄ‚M NAY Báº N Sáº¼ LÃ€M GÃŒ ? CÅ©ng lÃ  má»™t ngÃ y tÃ´n vinh tÃ¬nh yÃªu nhÆ°ng lÃ  â€œyÃªu báº£n thÃ¢nâ€ ğŸ˜›, báº¡n sáº½ lÃ m gÃ¬ Ä‘á»ƒ Ä‘Ã³n ngÃ y Black Valentine nÃ y? ğŸ”¥ Alo ngay cho há»™i báº¡n thÃ¢n, cÃ¹ng nhau lÃªn Ä‘á»“ tháº­t ngáº§u vÃ  cÃ¹ng quáº©y má»™t buá»•i tiá»‡c tháº­t chÃ¡y vá»›i bia 333 Ä‘á»ƒ â€œngÃ y Ä‘á»™c thÃ¢nâ€ khÃ´ng cÃ²n Ä‘Æ¡n Ä‘á»™c ğŸ¥°. Báº¡n Ä‘Ã£ lÃªn káº¿ hoáº¡ch cho ngÃ y nÃ y chÆ°a, cÃ²n chá» gÃ¬ mÃ  khÃ´ng triá»ƒn ngay cÃ¹ng 333 ? ğŸ»ğŸ‰ #333Beer #TripleExellence #3TinhHoaViTuyetHao *NgÆ°á»i dÆ°á»›i 18 tuá»•i khÃ´ng Ä‘Æ°á»£c uá»‘ng rÆ°á»£u bia
*ÄÃ£ uá»‘ng rÆ°á»£u bia - KhÃ´ng lÃ¡i xe",ğŸ˜›ğŸ”¥ğŸ¥°ğŸ»ğŸ‰,"['#333Beer', '#TripleExellence', '#3TinhHoaViTuyetHao']"
2023-04-06 16:22:00,126,"ThÃ­ch, YÃªu thÃ­ch vÃ  ThÆ°Æ¡ng thÆ°Æ¡ng",4,,,
2023-04-06 16:22:00,126,"ThÃ­ch, YÃªu thÃ­ch vÃ  ThÆ°Æ¡ng thÆ°Æ¡ng",4,,,
2023-04-06 16:22:00,126,"ThÃ­ch, YÃªu thÃ­ch vÃ  ThÆ°Æ¡ng thÆ°Æ¡ng",4,,,
2023-04-06 16:22:00,126,"ThÃ­ch, YÃªu thÃ­ch vÃ  ThÆ°Æ¡ng thÆ°Æ¡ng",4,,,
2023-04-06 16:22:00,126,"ThÃ­ch, YÃªu thÃ­ch vÃ  ThÆ°Æ¡ng thÆ°Æ¡ng",4,,,
2023-04-06 16:22:00,126,"ThÃ­ch, YÃªu thÃ­ch vÃ  ThÆ°Æ¡ng thÆ°Æ¡ng",4,,,
2023-04-06 16:22:00,126,"ThÃ­ch, YÃªu thÃ­ch vÃ  ThÆ°Æ¡ng thÆ°Æ¡ng",4,,,
2023-03-20 20:00:00,8158,"ThÃ­ch, YÃªu thÃ­ch vÃ  Haha",59,"333 - BIA Äáº²NG Cáº¤P, Vá»Š TUYá»†T Háº¢O Bia 333 vá»›i thiáº¿t káº¿ áº¥n tÆ°á»£ng, cÃ¹ng vá»‹ bia tuyá»‡t háº£o Ä‘Æ°á»£c táº¡o nÃªn bá»Ÿi nguyÃªn liá»‡u nháº­p kháº©u tá»« Äá»©c, cÃ´ng thá»©c trÄƒm nÄƒm cá»§a PhÃ¡p vÃ  tÃ i nÄƒng náº¥u bia cá»§a cÃ¡c nghá»‡ nhÃ¢n Viá»‡t. 333 cháº¯c cháº¯n sáº½ lÃ  má»™t sá»± lá»±a chá»n tuyá»‡t vá»i, nÃ¢ng táº§m tráº£i nghiá»‡m cá»§a báº¡n. #333Beer #TripleExellence #Nhan3ViTuyetHao *NgÆ°á»i dÆ°á»›i 18 tuá»•i khÃ´ng Ä‘Æ°á»£c uá»‘ng rÆ°á»£u bia
*ÄÃ£ uá»‘ng rÆ°á»£u bia - KhÃ´ng lÃ¡i xe",,"['#333Beer', '#TripleExellence', '#Nhan3ViTuyetHao']"
2023-03-12 20:00:00,1723,"ThÃ­ch, YÃªu thÃ­ch vÃ  ThÆ°Æ¡ng thÆ°Æ¡ng",13,"NÃ‚NG 333, THÄ‚NG HOA Bá»®A TIá»†C ğŸ» CÃ²n gÃ¬ tuyá»‡t vá»i hÆ¡n khi cÃ¹ng báº¡n bÃ¨, chiáº¿n há»¯u nÃ¢ng bia, nhÃ¢m nhi vÃ i mÃ³n â€œmá»“iâ€ ngon vÃ  cÃ¹ng hÃ n thuyÃªn tÃ¢m sá»± vá» cuá»™c sá»‘ng. Vá»›i vá»‹ bia tuyá»‡t háº£o, 333 cháº¯c cháº¯n sáº½ lÃ m cháº¥t xÃºc tÃ¡c tuyá»‡t vá»i cho bá»¯a tiá»‡c cá»§a báº¡n thÃªm thÄƒng hoa. HÃ´m nay báº¡n cÃ³ tham dá»± buá»•i tiá»‡c nÃ o khÃ´ng ? Äá»«ng quÃªn gá»i bia 333 báº¡n nhÃ©ğŸ» #333Beer #TrippleExellence #Nhan3ViTuyetHao * NgÆ°á»i dÆ°á»›i 18 tuá»•i khÃ´ng Ä‘Æ°á»£c uá»‘ng rÆ°á»£u bia.
* ÄÃ£ uá»‘ng rÆ°á»£u bia - KhÃ´ng lÃ¡i xe",ğŸ»ğŸ»,"['#333Beer', '#TrippleExellence', '#Nhan3ViTuyetHao']"
2023-03-05 20:00:00,13318,"ThÃ­ch, YÃªu thÃ­ch vÃ  ThÆ°Æ¡ng thÆ°Æ¡ng",136,"Má»ªNG NGÃ€Y QUá»C Táº¾ PHá»¤ Ná»® ğŸŒ¹ ğŸ’VÃ¬ phá»¥ ná»¯ lÃ  Ä‘á»ƒ yÃªu, váº­y nÃªn 8/3 nÃ y, hÃ£y cÃ¹ng 333 gá»­i tháº­t nhiá»u lá»i chÃºc Ã½ nghÄ©a Ä‘áº¿n nhá»¯ng bÃ´ng há»“ng yÃªu thÆ°Æ¡ng xung quanh báº¡n nhÃ©! Tag ngay ngÆ°á»i phá»¥ ná»¯ cá»§a mÃ¬nh vÃ  cÃ¹ng 333 gá»­i nhá»¯ng lá»i chÃºc tá»‘t Ä‘áº¹p nháº¥t Ä‘áº¿n há» nhÃ© ğŸ¥°. #333Beer #TripleExcellence #333beer * NgÆ°á»i dÆ°á»›i 18 tuá»•i khÃ´ng Ä‘Æ°á»£c uá»‘ng rÆ°á»£u bia.
* ÄÃ£ uá»‘ng rÆ°á»£u bia - KhÃ´ng lÃ¡i xe",ğŸŒ¹ğŸ’ğŸ¥°,"['#333Beer', '#TripleExcellence', '#333beer']"
2023-02-24 20:00:00,16386,"ThÃ­ch, YÃªu thÃ­ch vÃ  ThÆ°Æ¡ng thÆ°Æ¡ng",361,"CHÃšC Má»ªNG HÆ N 100 KHÃCH HÃ€NG TRÃšNG GIAÌ‰I NHÃ‚ÌT - Náº®P VÃ€NG 333 TRIÌ£ GIAÌ 5 CHIÌ‰ ğŸ¥³ CÃ³ cÃ´ng sÄƒn náº¯p vÃ ng, cÃ³ ngÃ y Ä‘Æ°á»£c giÃ u to!
333 xin chÃºc má»«ng hÆ¡n 100 khÃ¡ch hÃ ng may máº¯n Ä‘Ã£ trÃºng giáº£i nhÃ¢Ìt trong chÆ°Æ¡ng triÌ€nh khuyÃªÌn maÌ£i TÃªÌt 2023.
Danh saÌch khaÌch haÌ€ng truÌng thÆ°Æ¡Ì‰ng xem taÌ£i: http://bia333.vn ChÆ°Æ¡ng triÌ€nh khuyÃªÌn maÌ£i hÃ¢Ìp dÃ¢Ìƒn cuÌ‰a 333 Ä‘ang diÃªÌƒn ra Ä‘ÃªÌn hÃªÌt ngaÌ€y 15.3.2023. ğŸ”¥ VÃ¢Ìƒn coÌ€n hÆ¡n 200 giaÌ‰i nhÃ¢Ìt - mÃ´Ìƒi giaÌ‰i laÌ€ nÄƒÌp vaÌ€ng 333 triÌ£ giaÌ 5 chiÌ‰, cÃ¹ng haÌ€ng triÃªÌ£u theÌ‰ caÌ€o bÃªn trong mÃ´Ìƒi thuÌ€ng, Ä‘Æ°Ì€ng boÌ‰ lÆ¡Ìƒ cÆ¡ hÃ´Ì£i naÌ€y nheÌ. #333Beer #QuaTetDamDa #TinhThanSauSac * NgÆ°á»i dÆ°á»›i 18 tuá»•i khÃ´ng Ä‘Æ°á»£c uá»‘ng rÆ°á»£u bia.
* ÄÃ£ uá»‘ng rÆ°á»£u bia - KhÃ´ng lÃ¡i xe",ğŸ¥³ğŸ”¥,"['#333Beer', '#QuaTetDamDa', '#TinhThanSauSac']"
2023-02-03 20:00:00,730,"ThÃ­ch, YÃªu thÃ­ch vÃ  ThÆ°Æ¡ng thÆ°Æ¡ng",692,"MINIGAME: QUAY TRÃšNG 333, NHáº¬N QUÃ€ Cá»°C ÄÃƒ! Báº¡n Ä‘Ã£ quay trá»Ÿ láº¡i vá»›i cÃ´ng viá»‡c vÃ  nhá»‹p sá»‘ng thÆ°á»ng nháº­t chÆ°a ? Hay váº«n cÃ²n Ä‘ang vÆ°Æ¡ng váº¥n chÃºt dÆ° Ã¢m cá»§a Táº¿t ? CÃ¹ng 333 â€œmá»Ÿ bÃ¡tâ€ minigame Ä‘áº§u nÄƒm vá»›i cÆ¡ há»™i nháº­n ngay 9 Ã¡o thun 333 cao cáº¥p, chá»‰ vá»›i 2 bÆ°á»›c Ä‘Æ¡n giáº£n sau:
ğŸ‘‰BÆ°á»›c 1: Chá»¥p láº¡i khoáº£nh kháº¯c con sá»‘ 333 xuáº¥t hiá»‡n trÃªn mÃ n hÃ¬nh,
ğŸ‘‰BÆ°á»›c 2: Comment hÃ¬nh chá»¥p kÃ¨m con sá»‘ may máº¯n tá»« 000 - 999 vÃ  hashtag #333beer. ğŸ“£ChÆ°Æ¡ng trÃ¬nh báº¯t Ä‘áº§u tá»« 20:00 ngÃ y 3/2/2023 Ä‘áº¿n 23:59 ngÃ y 17/2/2023.
ğŸ9 ngÆ°á»i chÆ¡i may máº¯n cÃ³ comment trÃ¹ng vá»›i 3 sá»‘ cuá»‘i giáº£i Äáº·c Biá»‡t - xá»• sá»‘ TPHCM ngÃ y 18/2/2023 sáº½ nháº­n Ä‘Æ°á»£c nhá»¯ng pháº§n quÃ  Ä‘áº§u nÄƒm tá»« 333.
CÃ²n cháº§n chá» gÃ¬ ná»¯a mÃ  khÃ´ng tham gia quay sá»‘ cÃ¹ng 333 ngay vÃ  luÃ´n nÃ o! VÃ  Ä‘á»«ng quÃªn chÆ°Æ¡ng trÃ¬nh khuyáº¿n mÃ£i cá»±c hot ğŸ”¥cá»§a 333 váº«n Ä‘ang diá»…n ra Ä‘áº¿n háº¿t ngÃ y 16.03.2023 nhÃ© ğŸ¤˜. Chi tiáº¿t tham kháº£o táº¡i: http://bia333.vn #333Beer #TripleExcellence #Nhan3ViTuyetHao * NgÆ°á»i dÆ°á»›i 18 tuá»•i khÃ´ng Ä‘Æ°á»£c uá»‘ng rÆ°á»£u bia
* ÄÃ£ uá»‘ng rÆ°á»£u bia - KhÃ´ng lÃ¡i xe",ğŸ‘‰ğŸ‘‰ğŸ“£ğŸğŸ”¥ğŸ¤˜,"['#333beer.', '#333Beer', '#TripleExcellence', '#Nhan3ViTuyetHao']"
2023-01-21 10:13:00,143,"ThÃ­ch, YÃªu thÃ­ch vÃ  ThÆ°Æ¡ng thÆ°Æ¡ng",12,"CÃ™NG NHÃŒN Láº I HÃ€NH TRÃŒNH â€œQUÃ€ Táº¾T Äáº¬M ÄÃ€ - TÃŒNH THÃ‚N SÃ‚U Sáº®Câ€ 2023 Sau 1 thÃ¡ng, â€œQuÃ  Táº¿t Ä‘áº­m Ä‘Ã  - TÃ¬nh thÃ¢n sÃ¢u sáº¯câ€ 2023 Ä‘Ã£ hoÃ n thÃ nh hÃ nh trÃ¬nh gá»­i trao yÃªu thÆ°Æ¡ng vá»›i con sá»‘ áº¥n tÆ°á»£ng: âœ¨ 210.000 lÆ°á»£t tÆ°Æ¡ng tÃ¡c vÃ  hÆ°á»Ÿng á»©ng
âœ¨ 1028 cÃ¢u chuyá»‡n tÃ¬nh thÃ¢n Ä‘Æ°á»£c gá»­i vá»
âœ¨ 100 pháº§n quÃ  táº¿t Ä‘áº­m Ä‘Ã  gá»­i trao á»Ÿ kháº¯p Viá»‡t Nam vÃ  nÆ°á»›c ngoÃ i Bia 333 Ä‘Ã£ ná»— lá»±c khÃ´ng ngá»«ng Ä‘á»ƒ gá»­i trao quÃ  Táº¿t Ä‘áº­m Ä‘Ã  Ä‘áº¿n cho nhá»¯ng tÃ¬nh thÃ¢n sÃ¢u sáº¯c! Dáº«u khoáº£ng cÃ¡ch cÃ³ lÃ  bao xa, chá»‰ cáº§n chÃºng ta váº«n luÃ´n nghÄ© Ä‘áº¿n nhau, 333 sáº½ Ä‘á»“ng hÃ nh cÃ¹ng trao Ä‘i nhá»¯ng mÃ³n quÃ  Ä‘áº­m tÃ¬nh. VÃ  bÃ¢y giá», hÃ£y cÃ¹ng Ä‘iá»ƒm láº¡i nhá»¯ng khoáº£nh kháº¯c lÃ m nÃªn hÃ nh trÃ¬nh Táº¿t nÄƒm nay, báº±ng nhá»¯ng thÆ°á»›c phim chÃ¢n thá»±c bÃªn dÆ°á»›i nhÃ©! #333Beer #QuaTetDamDa #TinhThanSauSac * NgÆ°á»i dÆ°á»›i 18 tuá»•i khÃ´ng Ä‘Æ°á»£c uá»‘ng rÆ°á»£u bia
* ÄÃ£ uá»‘ng rÆ°á»£u bia - KhÃ´ng lÃ¡i xe",âœ¨âœ¨âœ¨,"['#333Beer', '#QuaTetDamDa', '#TinhThanSauSac']"
2023-01-20 20:00:00,28581,"ThÃ­ch, YÃªu thÃ­ch vÃ  ThÆ°Æ¡ng thÆ°Æ¡ng",771,"CÃ™NG 333, Má»ªNG TÃ‚N XUÃ‚N NHÆ¯ Ã! TÃ¢n xuÃ¢n Ä‘áº¿n, 333 gá»­i Ä‘áº¿n má»i ngÆ°á»i lá»i chÃºc má»«ng má»™t nÄƒm má»›i váº¡n sá»± nhÆ° Ã½, tuyá»‡t háº£o tÃ i lá»™c, Ä‘áº­m Ä‘Ã  tÃ¬nh thÃ¢n. CÃ¹ng 333 lÃªn bia Ä‘Ã³n giao thá»«a tháº­t trá»n váº¹n vá»›i gia Ä‘Ã¬nh vÃ  ngÆ°á»i thÃ¢n yÃªu báº¡n nhÃ©! Tá»« nay Ä‘áº¿n 16.3.2023, Ä‘á»«ng bá» lá»¡ chÆ°Æ¡ng trÃ¬nh khuyáº¿n máº¡i trong má»—i thÃ¹ng bia 333 vá»›i giáº£i nháº¥t lÃ  333 náº¯p vÃ ng 24K cho nÄƒm má»›i thÃªm lá»™c phÃ¡t nhÃ© ğŸ¤˜. Chi tiáº¿t tham kháº£o táº¡i: http://bia333.vn #333Beer #QuaTetDamDa #TinhThanSauSac * NgÆ°á»i dÆ°á»›i 18 tuá»•i khÃ´ng Ä‘Æ°á»£c uá»‘ng rÆ°á»£u bia.
* ÄÃ£ uá»‘ng rÆ°á»£u bia - KhÃ´ng lÃ¡i xe",ğŸ¤˜,"['#333Beer', '#QuaTetDamDa', '#TinhThanSauSac']"
2023-01-19 21:52:00,58,"ThÃ­ch, YÃªu thÃ­ch vÃ  ThÆ°Æ¡ng thÆ°Æ¡ng",9,"CÃ”NG Bá» TOP 3 CÃ‚U CHUYá»†N TÃŒNH THÃ‚N CÃ“ LÆ¯á»¢T BÃŒNH CHá»ŒN CAO NHáº¤T Sau hÆ¡n 1 thÃ¡ng khá»Ÿi Ä‘á»™ng tá»« ngÃ y 15.12.2022, chÆ°Æ¡ng trÃ¬nh ""QUÃ€ Táº¾T Äáº¬M ÄÃ€ - TÃŒNH THÃ‚N SÃ‚U Sáº®C"" 2023 Ä‘Ã£ tÃ¬m ra chá»§ nhÃ¢n sá»Ÿ há»¯u 3 chuyáº¿n Ä‘i DU XUÃ‚N Há»˜I NGá»˜ TÃŒNH THÃ‚N, tá»« nhá»¯ng cÃ¢u chuyá»‡n tÃ¬nh thÃ¢n cáº£m Ä‘á»™ng Ä‘Æ°á»£c gá»­i vá». Xin chÃºc má»«ng 3 ngÆ°á»i tham gia Ä‘áº·c biá»‡t vá»›i 3 cÃ¢u chuyá»‡n tÃ¬nh thÃ¢n truyá»n cáº£m há»©ng vÃ  cÃ³ lÆ°á»£t bÃ¬nh chá»n cao nháº¥t! ğŸ‘‰ Chá»‹ Nhung H Dinh - vá»›i nhá»¯ng dÃ²ng thÆ¡ cáº£m xÃºc gá»­i Ä‘áº¿n máº¹, ngÆ°á»i luÃ´n mong ngÃ³ng cÃ¡c con vá» â€œtháº¯p mÃ¹a xuÃ¢nâ€.
ğŸ‘‰ Anh LÃª Vinh - vá»›i cÃ¢u chuyá»‡n vá» tÃ¬nh anh em bá»n cháº·t, dáº«u cho hiá»‡n táº¡i ngÆ°á»i trong Nam ngÆ°á»i ngoÃ i Báº¯c.
ğŸ‘‰ Chá»‹ Tráº§n PhÆ°Æ¡ng Linh - vá»›i tÃ¬nh cáº£m chÃ¢n thÃ nh gá»­i Ä‘áº¿n bá»‘, tá»« táº­n nÆ¡i nhÃ  chá»“ng xa xÃ´i. Cáº£m Æ¡n má»i ngÆ°á»i vÃ¬ Ä‘Ã£ cÃ¹ng 333 Ä‘á»“ng hÃ nh gá»­i trao yÃªu thÆ°Æ¡ng, gáº¯n káº¿t tÃ¬nh thÃ¢n báº¥t cháº¥p má»i khoáº£ng cÃ¡ch. HÃ£y tiáº¿p tá»¥c theo dÃµi vÃ  á»§ng há»™ nhá»¯ng chÆ°Æ¡ng trÃ¬nh Ã½ nghÄ©a khÃ¡c Ä‘áº¿n tá»« 333 trong thá»i gian tá»›i nhÃ©! #333Beer #QuaTetDamDa #TinhThanSauSac *NgÆ°á»i dÆ°á»›i 18 tuá»•i khÃ´ng Ä‘Æ°á»£c uá»‘ng rÆ°á»£u bia",ğŸ‘‰ğŸ‘‰ğŸ‘‰,"['#333Beer', '#QuaTetDamDa', '#TinhThanSauSac']"
2023-01-17 18:06:00,77,"ThÃ­ch, YÃªu thÃ­ch vÃ  Wow",7,"CÃ™NG BÃŒNH CHá»ŒN TOP 3 CÃ‚U CHUYá»†N TRUYá»€N Cáº¢M Há»¨NG Sau 1 thÃ¡ng ká»ƒ tá»« ngÃ y hÃ nh trÃ¬nh â€œQuÃ  Táº¿t Ä‘áº­m Ä‘Ã  - TÃ¬nh thÃ¢n sÃ¢u sáº¯c"" báº¯t Ä‘áº§u (15/12/2022), Ä‘Ã£ cÃ³ hÆ¡n 1028 cÃ¢u chuyá»‡n vá» tÃ¬nh thÃ¢n Ä‘Ã£ Ä‘Æ°á»£c gá»­i vá», má»—i cÃ¢u chuyá»‡n Ä‘á»u lÃ  nhá»¯ng cáº£m xÃºc chÃ¢n thÃ nh gá»­i Ä‘áº¿n ngÆ°á»i thÃ¢n. TOP 9 TÃŒNH THÃ‚N Vá»šI 9 CÃ‚U CHUYá»†N Ã½ nghÄ©a vá» tÃ¬nh cha, tÃ¬nh báº¡n, tÃ¬nh yÃªu, cÃ¹ng nhá»¯ng hy vá»ng vÃ  sá»± mong nhá»› Ä‘Ã£ Ä‘Æ°á»£c BTC lá»±a chá»n ra. ChÃºng ta hÃ£y cÃ¹ng nhau chá»n ra top 3 cÃ¢u chuyá»‡n tÃ¬nh thÃ¢n cáº£m Ä‘á»™ng vÃ  truyá»n cáº£m há»©ng nháº¥t Ä‘á»ƒ nháº­n giáº£i thÆ°á»Ÿng Ä‘áº·c biá»‡t lÃ  3 CHUYáº¾N ÄI Há»˜I NGá»˜ TÃŒNH THÃ‚N. CÃ¡ch thá»©c bÃ¬nh chá»n nhÆ° sau:
ğŸ‘‰Thá»i gian bÃ¬nh chá»n: tá»« ngÃ y 17/1/2023 Ä‘áº¿n háº¿t 23h59â€™ ngÃ y 18/01/2023
ğŸ‘‰TiÃªu chÃ­ cháº¥m Ä‘iá»ƒm: 100% Ä‘iá»ƒm tÆ°Æ¡ng tÃ¡c tá»« má»i ngÆ°á»i
ğŸ‘‰Thá»ƒ lá»‡ bÃ¬nh chá»n: 1 lÆ°á»£t like, comment hoáº·c share = 1 Ä‘iá»ƒm bÃ¬nh chá»n
ğŸ Pháº§n thÆ°á»Ÿng: Top 3 cÃ¢u chuyá»‡n tÃ¬nh thÃ¢n truyá»n cáº£m há»©ng nháº¥t sáº½ Ä‘Æ°á»£c 333 tÃ i trá»£ vÃ© mÃ¡y bay (trong/ngoÃ i nÆ°á»›c) Ä‘á»ƒ há»™i ngá»™ ngÆ°á»i thÃ¢n vÃ  táº­n tay trao mÃ³n quÃ  Ä‘áº­m Ä‘Ã . Chi tiáº¿t thá»ƒ lá»‡ tham kháº£o táº¡i: https://bom.so/fL4lB1 ÄÃ¢u lÃ  cÃ¢u chuyá»‡n Ä‘á»ƒ láº¡i cho báº¡n nhiá»u cáº£m xÃºc nháº¥t? Tham gia bÃ¬nh chá»n ngay nhÃ©! #333Beer #QuaTetDamDa #TinhThanSauSac * NgÆ°á»i dÆ°á»›i 18 tuá»•i khÃ´ng Ä‘Æ°á»£c uá»‘ng rÆ°á»£u bia
* ÄÃ£ uá»‘ng rÆ°á»£u bia - KhÃ´ng lÃ¡i xe",ğŸ‘‰ğŸ‘‰ğŸ‘‰ğŸ,"['#333Beer', '#QuaTetDamDa', '#TinhThanSauSac']"
2023-01-12 20:00:00,7160,"ThÃ­ch, YÃªu thÃ­ch vÃ  Haha",259,"SÄ‚N 333 Náº®P VÃ€NG NGAY ! Táº¿t nÃ y, hÃ£y Ä‘á»ƒ 333 thay báº¡n gá»­i nhá»¯ng lá»i chÃºc má»«ng nÄƒm má»›i Ä‘áº¿n nhá»¯ng ngÆ°á»i báº¡n yÃªu quÃ½. KhÃ´ng chá»‰ gÃ³i ghÃ©m táº¥m chÃ¢n tÃ¬nh cho tÃ¬nh thÃ¢n thÃªm sÃ¢u sáº¯c, bÃªn trong má»—i thÃ¹ng bia 333 Táº¿t cÃ²n lÃ  nhá»¯ng áº©n sá»‘ may máº¯n vá»›i cÃ¡c giáº£i thÆ°á»Ÿng cá»±c ká»³ háº¥p dáº«n. ğŸ”¥ 333 Náº®P VÃ€NG, má»—i giáº£i trá»‹ giÃ¡ 5 chá»‰ vÃ ng 24K
ğŸ”¥ CÃ¹ng hÃ ng triá»‡u giáº£i tháº» cÃ o háº¥p dáº«n Thá»i gian khuyáº¿n máº¡i Ä‘áº¿n ngÃ y 14/02/2022, Ä‘á»•i thÆ°á»Ÿng Ä‘áº¿n háº¿t ngÃ y 16/03/2023.
ChÆ°Æ¡ng trÃ¬nh khuyáº¿n máº¡i Ã¡p dá»¥ng táº¡i má»™t sá»‘ khu vá»±c. Äáº·t 333 ngay hÃ´m nay nÃ o!
Link: http://bia333.vn #333Beer #QuaTetDamDa #TinhThanSauSac
* NgÆ°á»i dÆ°á»›i 18 tuá»•i khÃ´ng Ä‘Æ°á»£c uá»‘ng rÆ°á»£u bia
* ÄÃ£ uá»‘ng rÆ°á»£u bia - KhÃ´ng lÃ¡i xe",ğŸ”¥ğŸ”¥,"['#333Beer', '#QuaTetDamDa', '#TinhThanSauSac']"
2023-01-10 11:01:00,4150,"ThÃ­ch, YÃªu thÃ­ch vÃ  ThÆ°Æ¡ng thÆ°Æ¡ng",43,,,[]
2023-01-03 15:29:00,39104,"ThÃ­ch, YÃªu thÃ­ch vÃ  ThÆ°Æ¡ng thÆ°Æ¡ng",2752,,,[]
2022-12-26 15:27:00,40404,"ThÃ­ch, YÃªu thÃ­ch vÃ  ThÆ°Æ¡ng thÆ°Æ¡ng",1734,,,[]
2022-12-23 20:00:00,469,"ThÃ­ch, YÃªu thÃ­ch vÃ  ThÆ°Æ¡ng thÆ°Æ¡ng",11,"MERRY XMAS & HAPPY NEW YEAR ğŸ» MuÌ€a lÃªÌƒ hÃ´Ì£i Ä‘aÌƒ Ä‘ÃªÌn, cuÌ€ng 333 uÃ´Ìng mÆ°Ì€ng giaÌng sinh Ã¢Ìm aÌp vaÌ€ chaÌ€o Ä‘oÌn nÄƒm 2023 vÆ¡Ìi thÃ¢Ì£t nhiÃªÌ€u Ä‘iÃªÌ€u mÆ¡Ìi meÌ‰ vaÌ€ bÃ¢Ìt ngÆ¡Ì€ nheÌ. Äáº·t 333 ngay hÃ´m nay nÃ o!
Link: https://ti.ki/1QWaixIV/F8C66375 #333beer #DangLoiCuonViTuyetHao #TripleExcellence
*NgÆ°á»i dÆ°á»›i 18 tuá»•i khÃ´ng Ä‘Æ°á»£c uá»‘ng rÆ°á»£u bia
*ÄÃ£ uá»‘ng rÆ°á»£u bia - KhÃ´ng lÃ¡i xe",ğŸ»,"['#333beer', '#DangLoiCuonViTuyetHao', '#TripleExcellence']"
2022-12-16 21:00:00,530,"ThÃ­ch, YÃªu thÃ­ch vÃ  Haha",376,"[MINIGAME] ÄOÃN Äá»˜I VÃ” Äá»ŠCH - SÄ‚N QUÃ€ CÃ™NG 333. MÃ¹a World Cup Ä‘ang ngÃ y cÃ ng gay cáº¥n, nhÃ  vÃ´ Ä‘á»‹ch váº«n Ä‘ang lÃ  má»™t áº©n sá»‘ !
CÃ¡c fan bÃ³ng Ä‘Ã¡ cÃ³ cÆ¡ há»™i nháº­n quÃ  cá»±c cháº¥t cÃ¹ng 333, chá»‰ vá»›i 2 bÆ°á»›c Ä‘Æ¡n giáº£n sau: ğŸ‘‰BÆ°á»›c 1: Comment Ä‘á»™i bÃ³ng báº¡n Ä‘oÃ¡n lÃ  vÃ´ Ä‘á»‹ch World Cup 2022 kÃ¨m Hashtag #333Beer
VD: Äá»©c #333Beer ğŸ‘‰BÆ°á»›c 2: Chia sáº» bÃ i viáº¿t nÃ y á»Ÿ cháº¿ Ä‘á»™ cÃ´ng khai. 10 khÃ¡ch hÃ ng may máº¯n nháº¥t thá»±c hiá»‡n Ä‘Ãºng thá»ƒ lá»‡ tÃ­nh Ä‘áº¿n 23:00 ngÃ y 18.12.2022 sáº½ nháº­n Ä‘Æ°á»£c má»—i báº¡n 01 Ã¡o thun 333 cao cáº¥p, phiÃªn báº£n giá»›i háº¡n. Nhanh tay comment Ä‘á»™i bÃ³ng báº¡n dá»± Ä‘oÃ¡n lÃ  nhÃ  vÃ´ Ä‘á»‹ch World Cup nÄƒm nay Ä‘á»ƒ cÃ³ cÆ¡ há»™i nháº­n quÃ  tá»« 333 nhÃ©. #333Beer #TripleExcellence #NhanVi3TuyetHao
* NgÆ°á»i dÆ°á»›i 18 tuá»•i khÃ´ng Ä‘Æ°á»£c uá»‘ng rÆ°á»£u bia
* ÄÃ£ uá»‘ng rÆ°á»£u bia - KhÃ´ng lÃ¡i xe",ğŸ‘‰ğŸ‘‰,"['#333Beer', '#333Beer', '#333Beer', '#TripleExcellence', '#NhanVi3TuyetHao']"
2022-12-15 20:45:00,50453,"ThÃ­ch, YÃªu thÃ­ch vÃ  ThÆ°Æ¡ng thÆ°Æ¡ng",3186,"HÃ€NH TRÃŒNH â€œQUÃ€ Táº¾T Äáº¬M ÄÃ€ - TÃŒNH THáº¦N SÃ‚U Sáº®C"" Táº¾T 2023 ÄÃƒ Báº®T Äáº¦U!
3 CHUYáº¾N DU XUÃ‚N Há»˜I NGá»˜ TÃŒNH THÃ‚N VÃ€ 100 MÃ“N QUÃ€ Táº¾T Äáº¬M ÄÃ€ ÄANG CHá»œ Báº N! ğŸ» Táº¿t nÃ y, hÃ£y cÃ¹ng 333 tham gia gá»­i Ä‘áº¿n nhá»¯ng ngÆ°á»i mÃ  báº¡n yÃªu quÃ½ mÃ³n quÃ  Táº¿t Ä‘áº­m Ä‘Ã ! ChiÌ‰ vÆ¡Ìi 2 bÆ°Æ¡Ìc Ä‘Æ¡n giaÌ‰n sau:
ğŸ‘‰ BÆ°Æ¡Ìc 1: Comment bÃªn dÆ°á»›i bÃ i Ä‘Äƒng cÃ¢u chuyá»‡n vá» má»‘i quan há»‡ sÃ¢u sáº¯c cá»§a báº¡n cÃ¹ng ngÆ°á»i maÌ€ baÌ£n yÃªu quyÌ vaÌ€ muá»‘n gá»­i táº·ng hoÌ£ mÃ³n quÃ  â€œÄ‘Ã¢Ì£m Ä‘aÌ€â€ cuÌ‰a 333 trong diÌ£p Táº¿t nÃ y (giá»›i háº¡n trong 250 tá»«).
ğŸ‘‰ BÆ°Æ¡Ìc 2: Tag tÃªn ngÆ°Æ¡Ì€i maÌ€ baÌ£n muÃ´Ìn gÆ°Ì‰i gÄƒÌm vaÌ€ hashtag #333Beer #QuaTetDamDa #TinhThanSauSac 103 cÃ¢u chuyÃªÌ£n tÃ¬nh thÃ¢n sÃ¢u sáº¯c nháº¥t sáº½ cÃ³ cÆ¡ há»™i gá»­i Ä‘áº¿n ngÆ°á»i thÃ¢n mÃ³n quÃ  Táº¿t Ä‘áº§y Ã½ nghÄ©a:
ğŸ”¥ 3 CHUYáº¾N DU XUÃ‚N Há»˜I NGá»˜ TÃŒNH THÃ‚N Ä‘Æ°á»£c 333 tÃ i trá»£ vÃ© mÃ¡y bay, dÃ nh cho 3 cÃ¢u chuyá»‡n truyá»n cáº£m há»©ng nháº¥t.
ğŸ”¥ 100 MÃ“N QUÃ€ Táº¾T Äáº¬M ÄÃ€ gá»­i Ä‘áº¿n tÃ¢Ì£n tay ngÆ°á»i thÃ¢n, dÃ nh cho nhá»¯ng bÃ¬nh luáº­n may máº¯n. Thá»i gian diá»…n ra chÆ°Æ¡ng trÃ¬nh: tá»« ngÃ y 15/12/2022 Ä‘áº¿n 15/01/2023, vá»›i 4 lÆ°á»£t cÃ´ng bá»‘.
Chi tiáº¿t xem thÃªÌ‰ lÃªÌ£ táº¡i: https://bom.so/fL4lB1 Äá»«ng quÃªn theo dÃµi fanpage 333 Beer Ä‘á»ƒ cáº­p nháº­t thÃªm thÃ´ng tin vá» chÆ°Æ¡ng trÃ¬nh cÅ©ng nhÆ° thÃ´ng bÃ¡o trÃºng giáº£i nhÃ©! #333Beer #QuaTetDamDa #TinhThanSauSac * NgÆ°á»i dÆ°á»›i 18 tuá»•i khÃ´ng Ä‘Æ°á»£c uá»‘ng rÆ°á»£u bia
* ÄÃ£ uá»‘ng rÆ°á»£u bia - KhÃ´ng lÃ¡i xe
* Bia 333 cÃ³ Ä‘á»™ cá»“n 5.3%. SaÌ‰n phÃ¢Ì‰m cuÌ‰a TÃ´Ì‰ng CÃ´ng Ty Bia - RÆ°Æ¡Ì£u - NÆ°Æ¡Ìc GiaÌ‰i KhaÌt SaÌ€i GoÌ€n. 187 NguyÃªÌƒn ChiÌ Thanh, PhÆ°Æ¡Ì€ng 12, QuÃ¢Ì£n 5, TPHCM.",ğŸ»ğŸ‘‰ğŸ‘‰ğŸ”¥ğŸ”¥,"['#333Beer', '#QuaTetDamDa', '#TinhThanSauSac', '#333Beer', '#QuaTetDamDa', '#TinhThanSauSac']"
2022-12-12 20:00:00,967,"ThÃ­ch, YÃªu thÃ­ch vÃ  Haha",11,"CÆ  Há»˜I TRÃšNG 333 Náº®P VÃ€NG VÃ€ HÃ€NG TRIá»†U GIáº¢I THÆ¯á»NG Háº¤P DáºªN! KhÃ¡m phÃ¡ hÃ ng triá»‡u pháº§n quÃ  háº¥p dáº«n trong má»—i thÃ¹ng bia 333 phiÃªn báº£n Táº¿t 2023: ğŸ”¥ 333 Náº®P VÃ€NG, má»—i giáº£i trá»‹ giÃ¡ 5 chá»‰ vÃ ng 24K
ğŸ”¥ CÃ¹ng hÃ ng triá»‡u giáº£i tháº» cÃ o háº¥p dáº«n Vá»›i thiáº¿t káº¿ áº¥n tÆ°á»£ng vÃ  vá»‹ bia tuyá»‡t háº£o, 333 xá»©ng Ä‘Ã¡ng lÃ  mÃ³n quÃ  Táº¿t â€œÄ‘áº­m Ä‘Ã â€ cho tÃ¬nh thÃ¢n thÃªm sÃ¢u sáº¯c. Mua ngay 333, Ä‘Ã³n may máº¯n cho nÄƒm má»›i thÃªm thÄƒng hoa báº¡n nhÃ©! Thá»i gian khuyáº¿n máº¡i: tá»« 01/11/2022 Ä‘áº¿n 31/12/2022, Ä‘á»•i thÆ°á»Ÿng Ä‘áº¿n háº¿t ngÃ y 31/1/2023.
ChÆ°Æ¡ng trÃ¬nh khuyáº¿n máº¡i Ã¡p dá»¥ng táº¡i má»™t sá»‘ khu vá»±c.
Chi tiáº¿t táº¡i: bia333.vn #333Beer #QuaTetDamDa #TinhThanSauSac
* NgÆ°á»i dÆ°á»›i 18 tuá»•i khÃ´ng Ä‘Æ°á»£c uá»‘ng rÆ°á»£u bia
* ÄÃ£ uá»‘ng rÆ°á»£u bia - KhÃ´ng lÃ¡i xe",ğŸ”¥ğŸ”¥,"['#333Beer', '#QuaTetDamDa', '#TinhThanSauSac']"
2022-12-08 20:00:00,75,"ThÃ­ch, YÃªu thÃ­ch vÃ  Buá»“n",8,"Káº¾T QUáº¢ MINIGAME: SÃ”I Äá»˜NG WORLD CUP - SÄ‚N QUÃ€ CÃ™NG 333 ngÃ y 20/11/2022 ChÃºc má»«ng 10 báº¡n may máº¯n Ä‘Ã£ nháº­n Ä‘Æ°á»£c quÃ  tá»« 333. Má»—i báº¡n sáº½ nháº­n Ä‘Æ°á»£c 1 Ã¡o thun cao cáº¥p 333 phiÃªn báº£n Ä‘áº·c biá»‡t. ğŸ Báº¡n Ä‘Ã£ cÃ³ tÃªn trong danh sÃ¡ch trÃºng thÆ°á»Ÿng chÆ°a, inbox thÃ´ng tin nháº­n quÃ  trÆ°á»›c ngÃ y 16/12, bao gá»“m Há» VÃ  TÃªn, Sá»‘ Äiá»‡n Thoáº¡i, Sá»‘ CMND/CCCD & Äá»‹a Chá»‰ Nháº­n QuÃ  cho fanpage 333 ngay nhÃ©. Follow fanpage 333 Ä‘á»ƒ cáº­p nháº­t cÃ¡c thÃ´ng tin má»›i nháº¥t vá» chÆ°Æ¡ng trÃ¬nh khuyáº¿n máº¡i, minigame vÃ  pháº§n quÃ  háº¥p dáº«n sáº¯p tá»›i nhÃ©. #333Beer #TripleExcellence #NhanVi3TuyetHao
* NgÆ°á»i dÆ°á»›i 18 tuá»•i khÃ´ng Ä‘Æ°á»£c uá»‘ng rÆ°á»£u bia
* ÄÃ£ uá»‘ng rÆ°á»£u bia - KhÃ´ng lÃ¡i xe",ğŸ,"['#333Beer', '#TripleExcellence', '#NhanVi3TuyetHao']"
2022-12-02 20:00:00,139,"ThÃ­ch, Pháº«n ná»™ vÃ  YÃªu thÃ­ch",0,"THÆ¯á»NG BIA 333
SAY MÃŠ CÃ™NG WORLD CUP Khui ngay 333 Ä‘á»ƒ thÆ°á»Ÿng thá»©c cháº¥t men tuyá»‡t háº£o vÃ  chÃ¡y háº¿t mÃ¬nh cÃ¹ng nhá»¯ng tráº­n cáº§u Ä‘á»‰nh cao. Mua ngay táº¡i: https://ti.ki/1QWaixIV/F8C66375 #333Beer #TripleExcellence #NhanVi3TuyetHao
* NgÆ°á»i dÆ°á»›i 18 tuá»•i khÃ´ng Ä‘Æ°á»£c uá»‘ng rÆ°á»£u bia
* ÄÃ£ uá»‘ng rÆ°á»£u bia - KhÃ´ng lÃ¡i xe",,"['#333Beer', '#TripleExcellence', '#NhanVi3TuyetHao']"
